{"FileName":"2013-06-railway.pbf","Lengths":{"railway=Lastenaufzug":0.08928243379717733,"railway=Stellwerk":0.05795095714507744,"railway=abandoned":9617.576066562518,"railway=abandoned_tram":1.1544131676982565,"railway=buffer_stop":0.1744260463687941,"railway=coaling_facility":0.09132878880084765,"railway=coaster":1.1238136751091476,"railway=construction":780.3445888481967,"railway=container_terminal":26.62280745894193,"railway=crane_rail":0.07314924700398953,"railway=crossing":2.051471585263967,"railway=depot":1.293691746743469,"railway=dismantled":139.3204104767333,"railway=disused":4361.348790691891,"railway=electronic":0.11770577769033844,"railway=engine_house":2.4232671167698707,"railway=engine_shed":3.072313887914318,"railway=entrance":0.02673421453192401,"railway=erazed":0.15698103963808238,"railway=former":0.641279520829448,"railway=freight_yard":4.087230910712621,"railway=fuel":0.06124912656053405,"railway=funicular":11.808674470056939,"railway=goods":0.006951573339902644,"railway=halt":7.5470852401884665,"railway=historic":32.11222247601682,"railway=history":2.315751502798007,"railway=interlocking_tower":0.4421554496420987,"railway=junction":0.5122267654182845,"railway=level_crossing":1.4387553579512857,"railway=light_rail":1562.7873015690564,"railway=loading_ramp":2.0703380320063496,"railway=miniature":36.28488434882754,"railway=monorail":131.35735638105496,"railway=museum":2.068477912827293,"railway=narrow_gauge":829.6713612384136,"railway=no":1.7631418612433156,"railway=obliterated":21.475061289603975,"railway=old station":0.044351988003749294,"railway=pedestrian":0.03979480879157538,"railway=phone":0.0068439689349936335,"railway=planned":3.8547339576724466,"railway=platform":2478.511558860739,"railway=platform_edge":14.956913730573428,"railway=preserved":1325.6975661071506,"railway=preserved;narrow_gauge":0.002970395283214896,"railway=proposed":220.76679699160965,"railway=rail":79105.1779589412,"railway=rail and maxspeed=*":5193.460597246912,"railway=razed":177.45389256953007,"railway=roundhouse":34.25782595942184,"railway=service":1.1456355720554705,"railway=signal-box":0.12124766839661087,"railway=signal_box":9.51533262784405,"railway=signal_bridge":0.03884494204933389,"railway=spur":57.829048547080056,"railway=station":104.90513880424321,"railway=subway":902.491915548586,"railway=subway_entrance":2.142811867538111,"railway=switch":0.04148045976527011,"railway=switch_box":0.09812187178452816,"railway=terminal":0.13424679159705905,"railway=track_diagram":0.08804233258862403,"railway=train_depot":0.46405911539122474,"railway=tram":4459.575810151792,"railway=tram; light_rail":0.17259043014418998,"railway=tram_station":0.10180201435408504,"railway=tram_stop":2.8840996270476396,"railway=transfer table":0.15037225488273157,"railway=traverser":2.5818355327633045,"railway=trolley_rails":1.0511521542280489,"railway=turntable":14.354498153951184,"railway=wash":0.28600613427212684,"railway=water_tower":0.03235225579274456,"railway=yard":15.339784841071577,"railway=yes":1.189430158562067},"Counts":{"railway:signal:combined":87,"railway:signal:distant":303,"railway:signal:main":742,"railway:signal:speed_limit":298,"railway:signal:speed_limit_distant":79,"railway=halt":4331,"railway=milestone":636,"railway=signal":2393,"railway=station":6291}}
