{"FileName":"2013-12-railway.pbf","Lengths":{"railway=Lastenaufzug":0.08928243379717733,"railway=Stellwerk":0.05795095714507744,"railway=abandoned":10289.033246808496,"railway=abandoned ":1.848124834528183,"railway=abandoned_tram":1.1544131676982565,"railway=buffer_stop":0.004074112006570322,"railway=building":0.030205171430689553,"railway=coaling_facility":0.09132878880084765,"railway=coaster":1.1238136751091476,"railway=construction":680.6782405231032,"railway=container_terminal":28.81213306632501,"railway=crane_rail":0.07314924700398953,"railway=crossing":2.0285490007635034,"railway=crossover":1.3912390251942723,"railway=depot":1.2715538857457835,"railway=dismantled":263.630032075124,"railway=disused":4360.9912974582985,"railway=disused:station":0.11649120436704591,"railway=disused;construction":1.3691625370944673,"railway=electronic":0.11770577769033844,"railway=engine_house":2.4232671167698703,"railway=engine_shed":4.247551504915627,"railway=erazed":0.15698103963808238,"railway=former":0.641279520829448,"railway=freight_yard":4.081883946423653,"railway=fuel":0.3058972014096385,"railway=funicular":13.28092077538076,"railway=goods":0.006951573339902644,"railway=halt":25.979034122182625,"railway=historic":36.29120787266268,"railway=history":2.315751502798007,"railway=interlocking_tower":0.4421554496420986,"railway=junction":27.514492325977514,"railway=level_crossing":1.1205054184169525,"railway=light_rail":1425.7372541215807,"railway=loading_ramp":4.034269967314232,"railway=miniature":40.80602092348639,"railway=miniature_facility":0.06859238965951749,"railway=monorail":111.40895729991685,"railway=museum":3.1372015136394626,"railway=narrow gauge":0.3822579782786796,"railway=narrow_gauge":840.0287519635261,"railway=no":2.790963217710138,"railway=obliterated":3.4599049157301773,"railway=old station":0.044351988003749294,"railway=pedestrian":0.03979480879157538,"railway=phone":0.0068439689349936335,"railway=planned":3.66682480344883,"railway=platform":2602.6258696992936,"railway=platform_edge":13.787624270552252,"railway=preserved":1483.2441001084096,"railway=preserved;narrow_gauge":0.002970395283214896,"railway=proposed":434.52569869803773,"railway=rail":79714.2697729452,"railway=rail and maxspeed=*":9119.795726958064,"railway=razed":351.3524891897351,"railway=roundhouse":38.262662801950874,"railway=service":0.08230231705704251,"railway=service_station":25.989516311309522,"railway=signal":0.022370623090444096,"railway=signal_box":13.582849654271936,"railway=signal_bridge":0.03884494204933389,"railway=site":3.6263909605930595,"railway=spur":36.14497525032408,"railway=station":161.67362392447473,"railway=subway":980.9335804526849,"railway=subway_entrance":2.156922342311648,"railway=switch":0.11180255824582992,"railway=switch_box":0.09812187178452816,"railway=terminal":0.13424679159705905,"railway=tourism":1.1513043710187247,"railway=tr":0.037106380357104334,"railway=track_diagram":0.08804233258862403,"railway=train_depot":0.46405911539122474,"railway=tram":4669.890770523545,"railway=tram; disused":0.0779709843192105,"railway=tram_station":0.11219077107452521,"railway=tram_stop":7.129863210161368,"railway=transfer table":0.15028014418743008,"railway=traverser":2.588890271995328,"railway=trolley_rails":1.0511521542280489,"railway=turntable":16.55367705766083,"railway=wash":0.9636737317955427,"railway=water_tower":0.03235225579274456,"railway=workshop":1.1006005612612086,"railway=yard":34.51248717790534,"railway=yes":0.6873309626510671},"Counts":{"railway:signal:combined":182,"railway:signal:distant":708,"railway:signal:main":1524,"railway:signal:speed_limit":1149,"railway:signal:speed_limit_distant":211,"railway=halt":4298,"railway=milestone":2509,"railway=signal":4848,"railway=station":5865}}
