{"FileName":"2013-07-railway.pbf","Lengths":{"railway=Lastenaufzug":0.08928243379717733,"railway=Stellwerk":0.05795095714507744,"railway=abandoned":9742.667711681319,"railway=abandoned_tram":1.1544131676982565,"railway=aerialway":0.2524432770666394,"railway=buffer_stop":0.17850015837536443,"railway=coaling_facility":0.09132878880084765,"railway=coaster":1.1238136751091476,"railway=construction":683.8583371612568,"railway=container_terminal":26.62280745894193,"railway=crane_rail":0.07314924700398953,"railway=crossing":2.0424268167862074,"railway=demolished":0.24405263442098435,"railway=depot":1.293691746743469,"railway=dismantled":169.11756089029745,"railway=disused":4324.709863337593,"railway=electronic":0.11770577769033844,"railway=engine_house":2.423267116769871,"railway=engine_shed":3.0879850340617057,"railway=erazed":0.15698103963808238,"railway=former":0.641279520829448,"railway=freight_yard":4.087230910712621,"railway=fuel":0.06124912656053405,"railway=funicular":11.548360982338702,"railway=goods":0.006951573339902644,"railway=halt":11.813579772953993,"railway=historic":34.63002414834701,"railway=history":2.315751502798007,"railway=interlocking_tower":0.44215544964209863,"railway=junction":11.233266482220182,"railway=level_crossing":1.4086668861705893,"railway=light_rail":1562.2876346797743,"railway=loading_ramp":2.0703380320063496,"railway=miniature":36.66459679296745,"railway=monorail":115.041763129586,"railway=museum":2.068477912827293,"railway=narrow_gauge":829.9110608004036,"railway=no":1.7631418612433154,"railway=obliterated":3.0767091089144625,"railway=old station":0.044351988003749294,"railway=pedestrian":0.03979480879157538,"railway=phone":0.0068439689349936335,"railway=planned":3.66682480344883,"railway=platform":2440.091324339151,"railway=platform_edge":14.8407179422262,"railway=preserved":1377.0999395339027,"railway=preserved;narrow_gauge":0.002970395283214896,"railway=proposed":334.6304543746225,"railway=rail":79220.86676026261,"railway=rail and maxspeed=*":5615.864838007462,"railway=razed":195.70214710481852,"railway=roundhouse":34.983288421711364,"railway=service":1.1456355720554705,"railway=signal":0.022370623090444096,"railway=signal-box":0.12124766839661087,"railway=signal_box":10.2339194863428,"railway=signal_bridge":0.03884494204933389,"railway=site":0.38799965122684316,"railway=spur":57.808086917659395,"railway=station":118.82214308232848,"railway=subway":905.1778827974217,"railway=subway_entrance":2.2343610756160133,"railway=switch":0.04148045976527011,"railway=switch_box":0.09812187178452816,"railway=terminal":0.13424679159705905,"railway=track_diagram":0.08804233258862403,"railway=train_depot":0.46405911539122474,"railway=tram":4447.151993263602,"railway=tram; light_rail":0.0286526888782849,"railway=tram_station":0.10180201435408504,"railway=tram_stop":2.6116949290504916,"railway=transfer table":0.15037225488273157,"railway=traverser":2.5818355327633045,"railway=trolley_rails":1.0511521542280489,"railway=turntable":14.426528175877836,"railway=wash":0.28600613427212684,"railway=water_tower":0.03235225579274456,"railway=workshop":0.23106763903476674,"railway=yard":15.33547668178663,"railway=yes":1.1121588149946076},"Counts":{"railway:signal:combined":119,"railway:signal:distant":426,"railway:signal:main":980,"railway:signal:speed_limit":453,"railway:signal:speed_limit_distant":112,"railway=halt":4362,"railway=milestone":767,"railway=signal":3006,"railway=station":6267}}
