{"FileName":"2013-08-railway.pbf","Lengths":{"railway=Lastenaufzug":0.08928243379717733,"railway=Stellwerk":0.05795095714507744,"railway=abandoned":9881.528618089013,"railway=abandoned_tram":1.1544131676982565,"railway=aerialway":0.2524432770666394,"railway=buffer_stop":0.17850015837536443,"railway=building":0.030161790043085217,"railway=coaling_facility":0.09132878880084765,"railway=coaster":1.1238136751091476,"railway=construction":694.303141469964,"railway=container_terminal":26.62395910794309,"railway=crane_rail":0.07314924700398953,"railway=crossing":2.0424268167862074,"railway=demolished":0.24405263442098435,"railway=depot":1.2756038510397234,"railway=dismantled":192.05141340726635,"railway=disused":4380.018508351502,"railway=electronic":0.11770577769033844,"railway=engine_house":2.4232671167698707,"railway=engine_shed":3.1579262860428226,"railway=erazed":0.15698103963808238,"railway=former":0.641279520829448,"railway=freight_yard":4.087230910712621,"railway=fuel":0.06124912656053405,"railway=funicular":13.038240676490483,"railway=goods":0.006951573339902644,"railway=halt":22.033907062700575,"railway=historic":34.630024148347005,"railway=history":2.315751502798007,"railway=interlocking_tower":0.4421554496420986,"railway=junction":18.24396181086831,"railway=level_crossing":1.2164601732708418,"railway=light_rail":1564.2845921123126,"railway=loading_ramp":2.7385023196027523,"railway=miniature":36.669548461332475,"railway=monorail":115.56438619269821,"railway=museum":2.068477912827293,"railway=narrow_gauge":821.4705396922003,"railway=no":1.7631418612433152,"railway=obliterated":3.4599049157301773,"railway=old station":0.044351988003749294,"railway=pedestrian":0.03979480879157538,"railway=phone":0.0068439689349936335,"railway=planned":3.66682480344883,"railway=platform":2547.564469127352,"railway=platform_edge":13.951042001626414,"railway=preserved":1403.8709601562489,"railway=preserved;narrow_gauge":0.002970395283214896,"railway=proposed":341.16425352212724,"railway=rail":79276.88468179683,"railway=rail and maxspeed=*":5669.687148487239,"railway=razed":241.76601628229406,"railway=roundhouse":35.140052421123656,"railway=service":1.1456356354735988,"railway=service_station":12.07141137957717,"railway=signal":0.022370623090444096,"railway=signal-box":0.12124766839661087,"railway=signal_box":10.298720632427859,"railway=signal_bridge":0.03884494204933389,"railway=site":2.364644761338362,"railway=spur":57.85723256640294,"railway=station":144.13932661229504,"railway=subway":918.4280942781427,"railway=subway_entrance":2.2343610756160124,"railway=switch":0.11180255824582992,"railway=switch_box":0.09812187178452816,"railway=terminal":0.13424679159705905,"railway=tourism":1.1513043710187247,"railway=track_diagram":0.08804233258862403,"railway=train_depot":0.46405911539122474,"railway=tram":4452.600838506058,"railway=tram; light_rail":0.0286526888782849,"railway=tram_station":0.10180201435408504,"railway=tram_stop":3.380143350448261,"railway=transfer table":0.15037225488273157,"railway=traverser":2.5888902719953286,"railway=trolley_rails":1.0511521542280489,"railway=turntable":14.768765845085685,"railway=wash":0.28600613427212684,"railway=water_tower":0.03235225579274456,"railway=workshop":0.23106763903476674,"railway=yard":27.55874986372373,"railway=yes":1.1121588149946076},"Counts":{"railway:signal:combined":137,"railway:signal:distant":517,"railway:signal:main":1219,"railway:signal:speed_limit":664,"railway:signal:speed_limit_distant":145,"railway=halt":4369,"railway=milestone":1148,"railway=signal":3604,"railway=station":6192}}
