{"FileName":"2013-02-railway.pbf","Lengths":{"railway=(abandoned)":0.590521493741266,"railway=Lastenaufzug":0.08928243379717733,"railway=Stellwerk":0.05795095714507744,"railway=abandoned":8950.674487878947,"railway=abandoned_tram":1.1544131676982565,"railway=buffer_stop":0.1744260463687941,"railway=coaling_facility":0.09132878880084765,"railway=coaster":1.1003686731421327,"railway=construction":645.040732559827,"railway=container_terminal":26.623844900876083,"railway=crane_rail":0.08325977098404472,"railway=crossing":0.18336299529483838,"railway=depot":1.2938927313409854,"railway=dismantled":11.7163383864691,"railway=disused":4199.067956777023,"railway=electronic":0.11770577769033844,"railway=engine_house":2.423185722063782,"railway=engine_shed":1.521444495712359,"railway=entrance":0.03158582425384621,"railway=erazed":0.15698103963808238,"railway=fuel":0.01524369514447069,"railway=funicular":10.975052834702298,"railway=goods":0.4116589576317004,"railway=halt":7.43842627756923,"railway=historic":8.585856281706514,"railway=history":2.315751502798007,"railway=interlocking_tower":0.44215544964209863,"railway=junction":0.5122267654182845,"railway=level_crossing":1.4630153052074202,"railway=light_rail":1508.781184024305,"railway=loading_ramp":1.3243526208874306,"railway=miniature":33.21741676030862,"railway=monorail":107.62648859523631,"railway=museum":1.3651466294094396,"railway=narrow_gauge":780.2507503222283,"railway=obliterated":19.687051698161238,"railway=old station":0.04556256402188651,"railway=pedestrian":0.03979480879157538,"railway=peoplemover":0.01395218779237775,"railway=phone":0.0068439689349936335,"railway=planned":2.335513734504777,"railway=platform":2263.2537673591246,"railway=platform_edge":14.955920742525498,"railway=preserved":1370.959219324741,"railway=preserved;narrow_gauge":0.3757325493795866,"railway=proposed":138.44548362899815,"railway=rail":78579.5557342858,"railway=rail and maxspeed=*":3312.5261002927105,"railway=razed":146.68475060968433,"railway=roundhouse":7.282267171399708,"railway=service":1.1456355720554705,"railway=signal-box":0.12124766839661087,"railway=signal_box":8.963983874035117,"railway=signal_bridge":0.03884494204933389,"railway=spur":41.63520978208335,"railway=station":94.37680039500862,"railway=subway":894.5352537421512,"railway=subway_entrance":2.170389060609574,"railway=switch":0.15332656963760405,"railway=switch_box":0.09812187178452816,"railway=terminal":0.13424679159705905,"railway=track_diagram":0.08804233258862403,"railway=train_depot":0.46405911539122474,"railway=tram":4445.231690992304,"railway=tram; light_rail":0.17258950438198054,"railway=tram_station":0.10180201435408504,"railway=tram_stop":3.7828370366737776,"railway=traverser":1.918960591558846,"railway=trolley_rails":1.0511521542280489,"railway=turntable":13.432139788120587,"railway=yard":15.339722331015269,"railway=yes":1.3495626477028497},"Counts":{"railway:signal:combined":18,"railway:signal:distant":62,"railway:signal:main":206,"railway:signal:speed_limit":68,"railway:signal:speed_limit_distant":32,"railway=halt":4277,"railway=milestone":500,"railway=signal":1173,"railway=station":6308}}
