{"FileName":"2013-11-railway.pbf","Lengths":{"railway=Lastenaufzug":0.08928243379717733,"railway=Stellwerk":0.05795095714507744,"railway=abandoned":10162.233929394999,"railway=abandoned ":1.848124834528183,"railway=abandoned_tram":1.1544131676982565,"railway=buffer_stop":0.004074112006570322,"railway=building":0.030205171430689553,"railway=coaling_facility":0.09132878880084765,"railway=coaster":1.1238136751091476,"railway=construction":764.2526047886798,"railway=container_terminal":28.81213306637553,"railway=crane_rail":0.07314924700398953,"railway=crossing":2.0285490007635034,"railway=crossover":1.3846053188930487,"railway=demolished":0.24405263442098435,"railway=depot":1.2756038510397234,"railway=dismantled":266.1263423467632,"railway=disused":4359.880748844472,"railway=disused:station":0.11649120436704591,"railway=disused;construction":1.3691625375583434,"railway=electronic":0.11770577769033844,"railway=engine_house":2.4232671167698707,"railway=engine_shed":4.0673526694233155,"railway=erazed":0.15698103963808238,"railway=former":0.641279520829448,"railway=freight_yard":4.081883946423653,"railway=fuel":0.20597944189792328,"railway=funicular":13.211301594614312,"railway=goods":0.006951573339902644,"railway=halt":24.719514004129262,"railway=historic":36.54612158259601,"railway=history":2.315751502798007,"railway=interlocking_tower":0.4421554496420986,"railway=junction":20.86536439715757,"railway=level_crossing":1.216468159251187,"railway=light_rail":1450.427750526506,"railway=loading_ramp":3.5416242256353785,"railway=miniature":38.827869282745226,"railway=monorail":111.42695486331202,"railway=museum":2.0684883679649793,"railway=narrow gauge":0.3822579782786796,"railway=narrow_gauge":834.7264974900863,"railway=no":2.172761066579228,"railway=obliterated":3.4599049157301773,"railway=old station":0.044351988003749294,"railway=onstruction":0.20331109066675926,"railway=pedestrian":0.03979480879157538,"railway=phone":0.0068439689349936335,"railway=planned":3.66682480344883,"railway=platform":2560.5898200174247,"railway=platform_edge":13.739989740783551,"railway=preserved":1431.5403659337837,"railway=preserved;narrow_gauge":0.002970395283214896,"railway=proposed":434.92444355538225,"railway=rail":79581.40840614054,"railway=rail and maxspeed=*":8468.77796094555,"railway=razed":284.23684201058427,"railway=roundhouse":38.02340890912843,"railway=service":0.08230231705704251,"railway=service_station":18.18006093187952,"railway=signal":0.022370623090444096,"railway=signal_box":12.61075968318783,"railway=signal_bridge":0.03884494204933389,"railway=site":3.6263909605930595,"railway=spur":36.1450719607611,"railway=station":145.10144846633202,"railway=subway":932.084605582444,"railway=subway_entrance":2.2308460333408124,"railway=switch":0.11180255824582992,"railway=switch_box":0.09812187178452816,"railway=terminal":0.13424679159705905,"railway=tourism":1.1513043710187247,"railway=tr":0.037106380357104334,"railway=track_diagram":0.08804233258862403,"railway=train_depot":0.46405911539122474,"railway=tram":4620.687494273121,"railway=tram; disused":0.0779709843192105,"railway=tram_station":0.11219077107452521,"railway=tram_stop":7.4022341594395815,"railway=transfer table":0.15037225488273157,"railway=traverser":2.5888902719953286,"railway=trolley_rails":1.0511521542280489,"railway=turntable":16.403965882507546,"railway=wash":0.28600613427212684,"railway=water_tower":0.03235225579274456,"railway=workshop":1.1006005612612086,"railway=yard":34.512487177905335,"railway=yes":1.1451678278950375},"Counts":{"railway:signal:combined":162,"railway:signal:distant":614,"railway:signal:main":1407,"railway:signal:speed_limit":938,"railway:signal:speed_limit_distant":182,"railway=halt":4289,"railway=milestone":1859,"railway=signal":4279,"railway=station":5908}}
