{"FileName":"2013-09-railway.pbf","Lengths":{"railway=Lastenaufzug":0.08928243379717733,"railway=Stellwerk":0.05795095714507744,"railway=abandoned":9905.984916898704,"railway=abandoned_tram":1.1544131676982565,"railway=buffer_stop":0.17850015837536443,"railway=building":0.030161790043085217,"railway=coaling_facility":0.09132878880084765,"railway=coaster":1.1238136751091476,"railway=construction":645.7947677787405,"railway=container_terminal":26.623959107943065,"railway=crane_rail":0.07314924700398953,"railway=crossing":2.0424268167862074,"railway=crossover":1.3846053188930487,"railway=demolished":0.24405263442098435,"railway=depot":1.2756038510397234,"railway=dismantled":163.9206201461053,"railway=disused":4358.115995674675,"railway=electronic":0.11770577769033844,"railway=engine_house":2.4232671167698703,"railway=engine_shed":3.1579262860428226,"railway=erazed":0.15698103963808238,"railway=former":0.641279520829448,"railway=freight_yard":4.087230910712621,"railway=fuel":0.1504380833600229,"railway=funicular":13.17271030334347,"railway=goods":0.006951573339902644,"railway=halt":22.761712464746,"railway=historic":34.83976158667769,"railway=history":2.315751502798007,"railway=interlocking_tower":0.44215544964209863,"railway=junction":18.211281217726057,"railway=level_crossing":1.2164601732708427,"railway=light_rail":1582.0878221354642,"railway=loading_ramp":3.2426151344730356,"railway=miniature":38.3182015943329,"railway=monorail":114.759300967559,"railway=museum":2.0684883679649793,"railway=narrow_gauge":814.2513080694735,"railway=no":2.612631707763534,"railway=obliterated":3.4599049157301773,"railway=old station":0.044351988003749294,"railway=pedestrian":0.03979480879157538,"railway=phone":0.0068439689349936335,"railway=planned":3.66682480344883,"railway=platform":2594.831146702834,"railway=platform_edge":13.87123683504837,"railway=plattform":0.5443637921208516,"railway=preserved":1388.1211914936946,"railway=preserved;narrow_gauge":0.002970395283214896,"railway=proposed":336.4173607992128,"railway=rail":79528.10778558721,"railway=rail and maxspeed=*":7171.695466582935,"railway=razed":246.018589525426,"railway=roundhouse":35.140052421123656,"railway=service":1.1456356354735988,"railway=service_station":14.743417255976707,"railway=signal":0.022370623090444096,"railway=signal-box":0.12124766839661087,"railway=signal_box":10.761387175596392,"railway=signal_bridge":0.03884494204933389,"railway=site":3.6263909605930578,"railway=spur":58.23575084996179,"railway=station":135.3985032217872,"railway=subway":920.283392797651,"railway=subway_entrance":2.2343610756160133,"railway=switch":0.11180255824582992,"railway=switch_box":0.09812187178452816,"railway=terminal":0.13424679159705905,"railway=tourism":1.1513043710187247,"railway=track_diagram":0.08804233258862403,"railway=train_depot":0.46405911539122474,"railway=tram":4455.928049195855,"railway=tram_station":0.10180201435408504,"railway=tram_stop":6.241470547686623,"railway=transfer table":0.15037225488273157,"railway=traverser":2.5888902719953286,"railway=trolley_rails":1.0511521542280489,"railway=turntable":14.89392778573205,"railway=wash":0.28600613427212684,"railway=water_tower":0.03235225579274456,"railway=workshop":0.23106763903476674,"railway=yard":32.40990059315557,"railway=yes":1.1121588149946076},"Counts":{"railway:signal:combined":137,"railway:signal:distant":534,"railway:signal:main":1304,"railway:signal:speed_limit":765,"railway:signal:speed_limit_distant":149,"railway=halt":4389,"railway=milestone":1169,"railway=signal":3831,"railway=station":6153}}
