{"FileName":"2013-05-railway.pbf","Lengths":{"railway=(abandoned)":0.5358453925650969,"railway=Lastenaufzug":0.08928243379717733,"railway=Stellwerk":0.05795095714507744,"railway=abandoned":9467.080857470428,"railway=abandoned_tram":1.1544131676982565,"railway=buffer_stop":0.1744260463687941,"railway=coaling_facility":0.09132878880084765,"railway=coaster":1.1200925252868508,"railway=construction":777.8832474987812,"railway=container_terminal":26.62280745894193,"railway=crane_rail":0.07314924700398953,"railway=crossing":2.081851274549449,"railway=depot":1.2938927313409854,"railway=dismantled":135.1328096322616,"railway=disused":4322.253616609135,"railway=electronic":0.11770577769033844,"railway=engine_house":2.423267116769871,"railway=engine_shed":3.0771158807187713,"railway=entrance":0.03158582425384621,"railway=erazed":0.15698103963808238,"railway=former":0.641279520829448,"railway=freight_yard":4.087230910712621,"railway=fuel":0.06124912656053405,"railway=funicular":11.84388231577073,"railway=goods":0.4116589576317004,"railway=halt":7.5470852401884665,"railway=historic":32.112119861439155,"railway=history":2.315751502798007,"railway=interlocking_tower":0.44215544964209863,"railway=junction":0.5122267654182845,"railway=level_crossing":1.4387543606223416,"railway=light_rail":1562.5065620852333,"railway=loading_ramp":1.81476943420452,"railway=miniature":33.891412023467325,"railway=monorail":129.36609175494982,"railway=museum":2.0684761112471697,"railway=narrow_gauge":813.6106563291568,"railway=no":1.3045944836743393,"railway=obliterated":19.687051698161238,"railway=old station":0.044351988003749294,"railway=pedestrian":0.03979480879157538,"railway=phone":0.0068439689349936335,"railway=planned":3.8547336729143704,"railway=platform":2370.7796920260316,"railway=platform_edge":14.956913730573428,"railway=preserved":1330.6555761844052,"railway=preserved;narrow_gauge":0.002970395283214896,"railway=proposed":194.51669327272006,"railway=rail":78950.94964740738,"railway=rail and maxspeed=*":4566.083290688703,"railway=razed":172.14696019656748,"railway=roundhouse":31.166581641271573,"railway=service":1.1456355720554705,"railway=signal-box":0.12124766839661087,"railway=signal_box":9.437774964289765,"railway=signal_bridge":0.03884494204933389,"railway=spur":59.29089907251333,"railway=station":102.58776450521768,"railway=subway":900.8546002015291,"railway=subway_entrance":2.1169709634280607,"railway=switch":0.04148045976527011,"railway=switch_box":0.09812187178452816,"railway=terminal":0.13424679159705905,"railway=track_diagram":0.08804233258862403,"railway=train_depot":0.46405911539122474,"railway=tram":4451.622941977036,"railway=tram; light_rail":0.17259043014418998,"railway=tram_station":0.10180201435408504,"railway=tram_stop":2.88409962704764,"railway=transfer table":0.15037225488273157,"railway=traverser":2.195703640709978,"railway=trolley_rails":1.0511521542280489,"railway=turntable":13.574653504211938,"railway=wash":0.28600613427212684,"railway=water_tower":0.03235225579274456,"railway=yard":15.339722331015265,"railway=yes":1.189430158562067},"Counts":{"railway:signal:combined":86,"railway:signal:distant":221,"railway:signal:main":625,"railway:signal:speed_limit":231,"railway:signal:speed_limit_distant":62,"railway=halt":4266,"railway=milestone":631,"railway=signal":2086,"railway=station":6261}}
