{"FileName":"2013-04-railway.pbf","Lengths":{"railway=(abandoned)":0.590521493741266,"railway=Lastenaufzug":0.08928243379717733,"railway=Stellwerk":0.05795095714507744,"railway=abandoned":9160.35525287056,"railway=abandoned_tram":1.1544131676982565,"railway=buffer_stop":0.1744260463687941,"railway=coaling_facility":0.09132878880084765,"railway=coaster":0.8208366678661524,"railway=construction":667.319282519352,"railway=construction ":0.33523217320710313,"railway=container_terminal":26.623844900876087,"railway=crane_rail":0.07314924700398953,"railway=crossing":1.0411710373799967,"railway=depot":1.2938927313409854,"railway=dismantled":135.13518844032387,"railway=disused":4198.041156088588,"railway=electronic":0.11770577769033844,"railway=engine_house":2.4231857220637814,"railway=engine_shed":1.521444495712359,"railway=entrance":0.03158582425384621,"railway=erazed":0.15698103963808238,"railway=former":0.641279520829448,"railway=fuel":0.01524369514447069,"railway=funicular":10.970160711533183,"railway=goods":0.4116589576317004,"railway=halt":6.9688780996975055,"railway=historic":12.848035241738414,"railway=history":2.315751502798007,"railway=interlocking_tower":0.4421554496420986,"railway=junction":0.5122267654182845,"railway=level_crossing":1.4127175062435693,"railway=light_rail":1545.5826531448545,"railway=loading_ramp":2.192178680920037,"railway=miniature":33.16339279371477,"railway=monorail":112.45997729935124,"railway=museum":1.365078541635333,"railway=narrow_gauge":810.875886591547,"railway=no":1.3030255791275354,"railway=obliterated":19.687051698161238,"railway=old station":0.044351988003749294,"railway=pedestrian":0.03979480879157538,"railway=phone":0.0068439689349936335,"railway=planned":2.3355137345047776,"railway=platform":2333.1091678846165,"railway=platform_edge":14.956913730573428,"railway=preserved":1381.4495009884795,"railway=preserved;narrow_gauge":0.002970395283214896,"railway=proposed":188.4596406333527,"railway=rail":78858.26691342176,"railway=rail and maxspeed=*":4206.5792347329,"railway=razed":159.65012251194264,"railway=roundhouse":12.07585369129718,"railway=service":1.1456355720554705,"railway=signal-box":0.12124766839661087,"railway=signal_box":9.173803694094737,"railway=signal_bridge":0.03884494204933389,"railway=spur":42.05622127849223,"railway=station":94.773541953496,"railway=subway":896.553467019511,"railway=subway_entrance":2.1169709634280616,"railway=switch":0.15332656963760405,"railway=switch_box":0.09812187178452816,"railway=terminal":0.13424679159705905,"railway=track_diagram":0.08804233258862403,"railway=train_depot":0.46405911539122474,"railway=tram":4437.817619865003,"railway=tram; light_rail":0.17258950438198054,"railway=tram_station":0.10180201435408504,"railway=tram_stop":3.634229489216533,"railway=transfer table":0.15037225488273157,"railway=traverser":2.195703640709978,"railway=trolley_rails":1.0511521542280489,"railway=turntable":13.447123545558707,"railway=yard":15.339722331015265,"railway=yes":1.3495626477028497},"Counts":{"railway:signal:combined":57,"railway:signal:distant":134,"railway:signal:main":473,"railway:signal:speed_limit":115,"railway:signal:speed_limit_distant":43,"railway=halt":4305,"railway=milestone":539,"railway=signal":1653,"railway=station":6236}}
