{"FileName":"2013-03-railway.pbf","Lengths":{"railway=(abandoned)":0.590521493741266,"railway=Lastenaufzug":0.08928243379717733,"railway=Stellwerk":0.05795095714507744,"railway=abandoned":9056.75858209869,"railway=abandoned_tram":1.1544131676982565,"railway=buffer_stop":0.1744260463687941,"railway=coaling_facility":0.09132878880084765,"railway=coaster":1.1003686731421327,"railway=construction":634.5669619256901,"railway=construction ":0.33523217320710313,"railway=container_terminal":26.623844900876094,"railway=crane_rail":0.07314924700398953,"railway=crossing":1.0411710373799967,"railway=depot":1.2938927313409854,"railway=dismantled":135.13518902173504,"railway=disused":4177.957330690732,"railway=electronic":0.11770577769033844,"railway=engine_house":2.4231857220637822,"railway=engine_shed":1.521444495712359,"railway=entrance":0.03158582425384621,"railway=erazed":0.15698103963808238,"railway=fuel":0.01524369514447069,"railway=funicular":10.970160711533188,"railway=goods":0.4116589576317004,"railway=halt":7.438429018363198,"railway=historic":9.15656493739462,"railway=history":2.315751502798007,"railway=interlocking_tower":0.44215544964209863,"railway=junction":0.5122267654182845,"railway=level_crossing":1.41250370235782,"railway=light_rail":1546.6419598634875,"railway=loading_ramp":1.6546899290457293,"railway=miniature":33.219399150744884,"railway=monorail":111.97766411307511,"railway=museum":1.3649825603551453,"railway=narrow_gauge":783.4659064240676,"railway=obliterated":19.687051698161238,"railway=old station":0.04556256402188651,"railway=pedestrian":0.03979480879157538,"railway=peoplemover":0.01395218779237775,"railway=phone":0.0068439689349936335,"railway=planned":2.335513734504777,"railway=platform":2302.3715376404452,"railway=platform_edge":14.955890502240136,"railway=preserved":1379.0947277609087,"railway=preserved;narrow_gauge":0.002970395283214896,"railway=proposed":182.08320743484143,"railway=rail":78732.07246361786,"railway=rail and maxspeed=*":3443.3017728670197,"railway=razed":159.44735457548268,"railway=roundhouse":11.537612974251251,"railway=service":1.1456355720554705,"railway=signal-box":0.12124766839661087,"railway=signal_box":8.96728440854903,"railway=signal_bridge":0.03884494204933389,"railway=spur":42.13104456795191,"railway=station":94.86736623370584,"railway=subway":888.114560531966,"railway=subway_entrance":2.1169198452973412,"railway=switch":0.15332656963760405,"railway=switch_box":0.09812187178452816,"railway=terminal":0.13424679159705905,"railway=track_diagram":0.08804233258862403,"railway=train_depot":0.46405911539122474,"railway=tram":4420.282639057363,"railway=tram; light_rail":0.17258950438198054,"railway=tram_station":0.10180201435408504,"railway=tram_stop":3.5519697839738895,"railway=traverser":1.918960591558846,"railway=trolley_rails":1.0511521542280489,"railway=turntable":13.616127576049328,"railway=yard":15.339722331015269,"railway=yes":1.3495626477028497},"Counts":{"railway:signal:combined":33,"railway:signal:distant":77,"railway:signal:main":281,"railway:signal:speed_limit":76,"railway:signal:speed_limit_distant":36,"railway=halt":4291,"railway=milestone":520,"railway=signal":1338,"railway=station":6232}}
