{"FileName":"2013-10-railway.pbf","Lengths":{"railway=Lastenaufzug":0.08928243379717733,"railway=Stellwerk":0.05795095714507744,"railway=abandoned":9986.288877801157,"railway=abandoned_tram":1.1544131676982565,"railway=buffer_stop":0.004074112006570322,"railway=building":0.030161790043085217,"railway=coaling_facility":0.09132878880084765,"railway=coaster":1.1238136751091476,"railway=construction":616.8262408019381,"railway=container_terminal":25.910291217957898,"railway=crane_rail":0.07314924700398953,"railway=crossing":2.074910982915191,"railway=crossover":1.3846053188930487,"railway=demolished":0.24405263442098435,"railway=depot":1.2756038510397234,"railway=dismantled":267.698852738322,"railway=disused":4345.364083291893,"railway=disused;construction":1.3691625375583434,"railway=electronic":0.11770577769033844,"railway=engine_house":2.4232671167698707,"railway=engine_shed":3.157926286042822,"railway=erazed":0.15698103963808238,"railway=former":0.641279520829448,"railway=freight_yard":4.087230910712621,"railway=fuel":0.20597944189792325,"railway=funicular":13.16865105065876,"railway=goods":0.006951573339902644,"railway=halt":24.793610707043886,"railway=historic":35.06469241246206,"railway=history":2.315751502798007,"railway=interlocking_tower":0.4421554496420986,"railway=junction":20.857756050036677,"railway=level_crossing":1.2164681592511875,"railway=light_rail":1541.2823974694697,"railway=loading_ramp":3.5416242256353794,"railway=miniature":39.80873944499006,"railway=monorail":114.75895591536818,"railway=museum":2.0684883679649793,"railway=narrow_gauge":814.9394949708551,"railway=no":2.612631707763534,"railway=obliterated":3.4599049157301773,"railway=old station":0.044351988003749294,"railway=onstruction":0.20331109066675926,"railway=pedestrian":0.03979480879157538,"railway=phone":0.0068439689349936335,"railway=planned":3.66682480344883,"railway=platform":2575.0779400640195,"railway=platform_edge":13.871062276763203,"railway=plattform":0.5443637921208516,"railway=preserved":1412.8471372222814,"railway=preserved;narrow_gauge":0.002970395283214896,"railway=proposed":331.0814757462342,"railway=rail":79661.15191016115,"railway=rail and maxspeed=*":7761.624796517237,"railway=razed":253.14169295278293,"railway=roundhouse":35.278110082822835,"railway=service":1.1456356354735988,"railway=service_station":18.18006093187952,"railway=signal":0.022370623090444096,"railway=signal_box":11.612715765467962,"railway=signal_bridge":0.03884494204933389,"railway=site":3.6263909605930595,"railway=spur":38.2156809179879,"railway=station":143.16209919804095,"railway=subway":920.1678836677386,"railway=subway_entrance":2.2343610756160137,"railway=switch":0.11180255824582992,"railway=switch_box":0.09812187178452816,"railway=terminal":0.13424679159705905,"railway=tourism":1.1513043710187247,"railway=track_diagram":0.08804233258862403,"railway=train_depot":0.46405911539122474,"railway=tram":4505.871925064271,"railway=tram; disused":0.07728759813776964,"railway=tram_station":0.10180201435408504,"railway=tram_stop":7.218494555357719,"railway=transfer table":0.15037225488273157,"railway=traverser":2.5888902719953286,"railway=trolley_rails":1.0511521542280489,"railway=turntable":15.444593468356382,"railway=wash":0.28600613427212684,"railway=water_tower":0.03235225579274456,"railway=workshop":0.23106763903476674,"railway=yard":37.13687043873611,"railway=yes":1.6756025887172772},"Counts":{"railway:signal:combined":152,"railway:signal:distant":563,"railway:signal:main":1345,"railway:signal:speed_limit":817,"railway:signal:speed_limit_distant":158,"railway=halt":4332,"railway=milestone":1540,"railway=signal":3981,"railway=station":6032}}
