{"FileName":"2013-01-railway.pbf","Lengths":{"railway=(abandoned)":0.590521493741266,"railway=Lastenaufzug":0.08928243379717733,"railway=Stellwerk":0.05795095714507744,"railway=abandoned":8835.359422828966,"railway=abandoned_tram":1.1544131676982565,"railway=buffer_stop":0.1744260463687941,"railway=coaling_facility":0.09132878880084765,"railway=coaster":1.1003686731421327,"railway=construction":641.9492028408074,"railway=container_terminal":26.592564110346625,"railway=crane_rail":0.08325977098404472,"railway=crossing":0.1997569498690319,"railway=depot":1.1008581868952927,"railway=dismantled":7.910007177409004,"railway=disused":4185.747067851931,"railway=electronic":0.11770577769033844,"railway=engine_house":2.4231857220637814,"railway=engine_shed":1.5214236988565426,"railway=entrance":0.03158582425384621,"railway=erazed":0.15698103963808238,"railway=fuel":0.01524369514447069,"railway=funicular":10.975052834702298,"railway=goods":0.4116589576317004,"railway=halt":7.43842627756923,"railway=historic":8.49828765013546,"railway=history":2.315751502798007,"railway=interlocking_tower":0.44215544964209863,"railway=level_crossing":1.3687348853314885,"railway=light_rail":1485.6978008013728,"railway=loading_ramp":1.176857333590458,"railway=miniature":25.924772170222347,"railway=monorail":104.88405632468513,"railway=museum":1.3651466294094396,"railway=narrow gauge":6.515171791108545,"railway=narrow_gauge":777.8445617838438,"railway=no":0.008038455673825311,"railway=obliterated":19.687051698161238,"railway=old station":0.04556256402188651,"railway=pedestrian":0.03918193072701802,"railway=peoplemover":0.01395218779237775,"railway=phone":0.0068439689349936335,"railway=planned":0.1879091542236157,"railway=platform":2194.1316812923114,"railway=platform_edge":14.930995241537333,"railway=preserved":1364.0946147913905,"railway=preserved;narrow_gauge":0.3757325493795866,"railway=proposed":141.92636261664708,"railway=rail":78225.21301207422,"railway=rail and maxspeed=*":3282.3380435283657,"railway=razed":149.55469365397934,"railway=roundhouse":4.725166634851716,"railway=service":1.1456355720554705,"railway=signal-box":0.12124766839661087,"railway=signal_box":8.716548373394987,"railway=signal_bridge":0.03884494204933389,"railway=spur":42.362709656298236,"railway=station":98.16884754054038,"railway=subway":873.4373205568645,"railway=subway_entrance":2.170389060609574,"railway=switch":0.15332656963760405,"railway=switch_box":0.09812187178452816,"railway=terminal":0.13424679159705905,"railway=track_diagram":0.08804233258862403,"railway=train_depot":0.46405911539122474,"railway=tram":4403.45677701017,"railway=tram; light_rail":0.17258950438198054,"railway=tram_station":0.10180201435408504,"railway=tram_stop":4.1768770304083205,"railway=traverser":1.8795392960541282,"railway=trolley_rails":1.0511521542280489,"railway=turntable":13.197173443997622,"railway=yard":15.33972233101526,"railway=yes":1.3495626477028497},"Counts":{"railway:signal:combined":18,"railway:signal:distant":56,"railway:signal:main":179,"railway:signal:speed_limit":58,"railway:signal:speed_limit_distant":29,"railway=halt":4170,"railway=milestone":475,"railway=signal":928,"railway=station":6357}}
