{"FileName":"2014-10-railway.pbf","Lengths":{"railway=Lastenaufzug":0.08928243379717733,"railway=RAZED":0.05668927801712865,"railway=Stellwerk":0.05303378599319601,"railway=abandoned":11881.179308662118,"railway=abandoned_and_removed":0.4440462178443041,"railway=abandoned_tram":1.1549824447263541,"railway=abandoned|dismantled":15.287920910426731,"railway=buffer_stop":0.0019400517270842389,"railway=coaling_facility":0.17728181853147243,"railway=coaster":1.1282596308900141,"railway=construction":552.49969588302,"railway=container_terminal":27.38027874378262,"railway=control_point":0.0320406058455398,"railway=crane_rail":0.07314924700398953,"railway=crossing":0.058225645760386385,"railway=crossover":1.3407629793445428,"railway=depot":1.2756684176894006,"railway=dismantled":473.31038020320415,"railway=disused":4564.677933333862,"railway=disused_station":0.11649120436704591,"railway=electronic":0.11770577769033844,"railway=engine_house":2.416519462997537,"railway=engine_shed":7.148781123635576,"railway=erazed":0.15594782727922565,"railway=freight_yard":4.089355042758991,"railway=fuel":0.8171744387873672,"railway=funicular":13.262587978624914,"railway=goods":0.006951573339902644,"railway=halt":27.574219470462186,"railway=historic":35.31066666685024,"railway=hump_yard":0.4294398987895717,"railway=interlocking_tower":0.4421554496420987,"railway=junction":32.38776662281852,"railway=level_crossing":1.5157987927656684,"railway=light_rail":1705.3888878710559,"railway=loading_ramp":6.560367744951381,"railway=miniature":46.032113503266416,"railway=miniature;abandoned":0.34972001155833504,"railway=miniature_facility":0.06859238965951749,"railway=monorail":114.8947009972117,"railway=museum":5.351332607076089,"railway=narrow_gauge":892.276873199988,"railway=no":4.980824306456972,"railway=pedestrian":0.03979480879157538,"railway=phone":0.0068439689349936335,"railway=pit":0.0833728528396407,"railway=planned":4.377480105565218,"railway=platform":2655.266888611701,"railway=platform_edge":13.057182908370033,"railway=preserved":1501.0911203048645,"railway=preserved;narrow_gauge":0.001272524947867112,"railway=proposed":289.8373109598197,"railway=rail":80429.4417734465,"railway=rail and maxspeed=*":21263.58598921337,"railway=razed":1250.31122049103,"railway=razed\\":0.04167261627743591,"railway=roundhouse":40.36789056778897,"railway=service_station":33.322173571844615,"railway=siding":0.08237844146377571,"railway=signa_box":0.04645313331163121,"railway=signal":0.22419209851504374,"railway=signal_box":30.45947201676129,"railway=signal_bridge":0.11034706278423455,"railway=site":1.6497458504815399,"railway=spur":9.908233654902233,"railway=station":142.12404518510166,"railway=station_area":15.953035046292952,"railway=subway":1046.3263266751026,"railway=subway_entrance":2.3290305019313102,"railway=switch":0.2555056559310193,"railway=switch_box":0.12592542096276232,"railway=terminal":0.13424679159705905,"railway=tourism":0.05671844111617573,"railway=track_diagram":0.08804233258862403,"railway=train_depot":0.46500074004706315,"railway=train_station":0.24054149326480417,"railway=tram":4858.887378172369,"railway=tram; disused":0.0779709843192105,"railway=tram_station":0.11219077107452521,"railway=tram_stop":8.34140986046418,"railway=transfer table":0.15028014418743008,"railway=traverser":5.9653973558770454,"railway=trolley_rails":1.0511521542280489,"railway=turntable":19.477748137983134,"railway=unknown":0.4447148383178748,"railway=unrecommended":165.97819661764927,"railway=wash":1.595239942855211,"railway=water_tower":0.15789438025681302,"railway=workshop":5.2399513387635075,"railway=yard":37.4981462896247,"railway=yes":7.737904533968033},"Counts":{"railway:signal:combined":891,"railway:signal:distant":2746,"railway:signal:main":4132,"railway:signal:speed_limit":4126,"railway:signal:speed_limit_distant":1312,"railway=halt":4312,"railway=milestone":10243,"railway=signal":14886,"railway=station":5378}}
