{"FileName":"2014-06-railway.pbf","Lengths":{"railway=Lastenaufzug":0.08928243379717733,"railway=Stellwerk":0.05795095714507744,"railway=abandoned":11511.590253996616,"railway=abandoned_and_removed":0.4440462178443041,"railway=abandoned_tram":1.1549824447263541,"railway=abandoned|dismantled":14.907079106841588,"railway=buffer_stop":0.004074112006570322,"railway=coaling_facility":0.17728181853147237,"railway=coaster":1.1238136751091476,"railway=construction":727.1901144652447,"railway=container_terminal":26.777728383621305,"railway=crane_rail":0.07314924700398953,"railway=crossing":0.028683359958247393,"railway=crossover":1.3407629793445428,"railway=depot":1.2756684176894006,"railway=dismantled":444.1509031026712,"railway=disused":4468.09541007742,"railway=disused_station":0.11649120436704591,"railway=electronic":0.11770577769033844,"railway=engine_house":2.4232671167698707,"railway=engine_shed":5.676779108382464,"railway=erazed":0.15594782727922565,"railway=former":0.40593750105983556,"railway=freight_yard":4.089049062568818,"railway=fuel":0.5053173417173578,"railway=funicular":13.269471180674417,"railway=goods":0.006951573339902644,"railway=halt":29.11167936034867,"railway=historic":37.060605780102314,"railway=history":0.9008963409544347,"railway=hump_yard":0.4294398987895717,"railway=interlocking_tower":0.4421554496420987,"railway=junction":33.119514781057894,"railway=level_crossing":1.5161495867432728,"railway=light_rail":1393.1608594378245,"railway=loading_ramp":5.9209363392899785,"railway=miniature":44.74089586764964,"railway=miniature;abandoned":0.34972001155833504,"railway=miniature_facility":0.06859238965951749,"railway=monorail":112.43085665571357,"railway=museum":4.987810515600375,"railway=narrow gauge":0.07801964690329272,"railway=narrow_gauge":872.0515477300695,"railway=no":3.3453004891402824,"railway=obliterated":3.383830853585049,"railway=pedestrian":0.03979480879157538,"railway=phone":0.0068439689349936335,"railway=pit":0.0833728528396407,"railway=planned":4.386073410948798,"railway=platform":2705.217437372803,"railway=platform_edge":13.864857368466554,"railway=preserved":1465.5186471621762,"railway=preserved;narrow_gauge":0.002970395283214896,"railway=proposed":264.2004637517512,"railway=rail":80088.62918191541,"railway=rail and maxspeed=*":16545.949702770038,"railway=razed":922.4793200769975,"railway=razed\\":0.04167261627743591,"railway=roundhouse":39.199425710850804,"railway=service_station":30.32619324366785,"railway=siding":0.08237844146377571,"railway=signal":0.022370623090444096,"railway=signal_box":22.86413114276865,"railway=signal_bridge":0.11034706278423455,"railway=site":1.6497458504815397,"railway=spur":12.94592064408654,"railway=station":181.19009675890862,"railway=subway":1044.879340979383,"railway=subway_entrance":2.305184256299364,"railway=switch":0.11027040550080314,"railway=switch_box":0.09812187178452816,"railway=terminal":0.13424679159705905,"railway=tourism":0.05671844111617573,"railway=track":0.9654647513448237,"railway=track_diagram":0.08804233258862403,"railway=train_depot":0.46500074004706315,"railway=train_station":0.23988062110709463,"railway=tram":4821.86441225397,"railway=tram; disused":0.0779709843192105,"railway=tram_station":0.11219077107452521,"railway=tram_stop":8.424224473357285,"railway=transfer table":0.15028014418743008,"railway=traverser":2.588890271995328,"railway=trolley_rails":1.0511521542280489,"railway=turntable":19.50778236068525,"railway=unknown":0.4447148383178748,"railway=unrecommended":165.97819177318405,"railway=wash":0.8637858393083627,"railway=water_tower":0.09308510403071375,"railway=workshop":2.480052899906892,"railway=yard":37.48261042129125,"railway=yes":4.820679080344076},"Counts":{"railway:signal:combined":447,"railway:signal:distant":1708,"railway:signal:main":2793,"railway:signal:speed_limit":2885,"railway:signal:speed_limit_distant":808,"railway=halt":4279,"railway=milestone":6704,"railway=signal":9971,"railway=station":5581}}
