{"FileName":"2014-04-railway.pbf","Lengths":{"railway=Lastenaufzug":0.08928243379717733,"railway=Stellwerk":0.05795095714507744,"railway=abandoned":10983.545370868154,"railway=abandoned_and_removed":0.4440462178443041,"railway=abandoned_tram":1.154982444726354,"railway=buffer_stop":0.004074112006570322,"railway=building":0.030205171430689553,"railway=coaling_facility":0.14199236281900154,"railway=coaster":1.1238136751091476,"railway=construction":711.5244557916102,"railway=container_terminal":26.796458875409286,"railway=crane_rail":0.07314924700398953,"railway=crossing":2.005550429747737,"railway=crossover":1.3407629793445428,"railway=depot":1.2756684176894006,"railway=dismantled":406.74304158442476,"railway=disused":4453.720988886908,"railway=disused;construction":1.3691625370944673,"railway=disused_station":0.11649120436704591,"railway=electronic":0.11770577769033844,"railway=engine_house":2.423267116769871,"railway=engine_shed":4.901467482302567,"railway=erazed":0.15594782727922565,"railway=former":1.04721712221159,"railway=freight_yard":4.089049062568818,"railway=fuel":0.5053173417173578,"railway=funicular":13.275994876189527,"railway=goods":0.006951573339902644,"railway=halt":30.427174086234654,"railway=historic":38.59865305503083,"railway=history":1.0316088454463728,"railway=hump_yard":0.4294398987895717,"railway=interlocking_tower":0.4421554496420986,"railway=junction":33.119514781057866,"railway=level_crossing":0.9647929156152232,"railway=light_rail":1390.1492953470863,"railway=loading_ramp":5.461535008914435,"railway=miniature":44.25246096453347,"railway=miniature;abandoned":0.34972001155833504,"railway=miniature_facility":0.06859238965951749,"railway=monorail":111.55163048217236,"railway=museum":3.126884510600441,"railway=narrow_gauge":862.7470802834023,"railway=no":2.8916082136695294,"railway=obliterated":3.383830853585049,"railway=old station":0.044351988003749294,"railway=pedestrian":0.03979480879157538,"railway=phone":0.0068439689349936335,"railway=planned":3.666730868981998,"railway=platform":2711.8391944055484,"railway=platform_edge":13.774494414986082,"railway=preserved":1492.0907930999797,"railway=preserved;narrow_gauge":0.002970395283214896,"railway=proposed":438.0229175162032,"railway=rail":79948.60568623575,"railway=rail and maxspeed=*":14889.279333076687,"railway=razed":766.9993693425556,"railway=roundhouse":38.95884921418478,"railway=service_station":30.326193243667863,"railway=siding":0.08237844146377571,"railway=signal":0.022370623090444096,"railway=signal_box":19.65840159250571,"railway=signal_bridge":0.11034706278423455,"railway=site":1.6497458504815397,"railway=spur":13.525040378198476,"railway=station":183.66649960276416,"railway=subway":1032.188550259229,"railway=subway_entrance":2.3568522534469145,"railway=switch":0.11027040550080314,"railway=switch_box":0.09812187178452816,"railway=terminal":0.13424679159705905,"railway=tourism":0.05671844111617573,"railway=tr":0.037106380357104334,"railway=track_diagram":0.08804233258862403,"railway=train_depot":0.46405911539122474,"railway=train_station":0.23988062110709465,"railway=tram":4809.02710873717,"railway=tram; disused":0.0779709843192105,"railway=tram_station":0.11219077107452521,"railway=tram_stop":6.979328601542548,"railway=transfer table":0.15028014418743008,"railway=traverser":2.588890271995328,"railway=trolley_rails":1.0511521542280489,"railway=turntable":18.690502828200014,"railway=unknown":0.4447148383178748,"railway=wash":1.2026196380700709,"railway=water_tower":0.06669161925790934,"railway=workshop":1.1780855101585146,"railway=yard":37.484167893273565,"railway=yes":4.607807314308681},"Counts":{"railway:signal:combined":315,"railway:signal:distant":1295,"railway:signal:main":2329,"railway:signal:speed_limit":2275,"railway:signal:speed_limit_distant":590,"railway=halt":4307,"railway=milestone":5880,"railway=signal":8182,"railway=station":5653}}
