{"FileName":"2014-05-railway.pbf","Lengths":{"railway=Lastenaufzug":0.08928243379717733,"railway=Stellwerk":0.05795095714507744,"railway=abandoned":11129.650782951618,"railway=abandoned_and_removed":0.4440462178443041,"railway=abandoned_tram":1.1549824447263541,"railway=buffer_stop":0.004074112006570322,"railway=coaling_facility":0.14199236281900154,"railway=coaster":1.1238136751091476,"railway=construction":730.3981942399453,"railway=container_terminal":26.77772838362133,"railway=crane_rail":0.07314924700398953,"railway=crossing":0.028683359958247393,"railway=crossover":1.3407629793445428,"railway=depot":1.2756684176894006,"railway=dismantled":443.45434427247284,"railway=disused":4440.709989800591,"railway=disused_station":0.11649120436704591,"railway=electronic":0.11770577769033844,"railway=engine_house":2.4232671167698707,"railway=engine_shed":5.563719749598196,"railway=erazed":0.15594782727922565,"railway=former":0.40593750105983556,"railway=freight_yard":4.089049062568818,"railway=fuel":0.5053173417173578,"railway=funicular":13.268406661426983,"railway=goods":0.006951573339902644,"railway=halt":29.25244326672011,"railway=historic":37.18979507551454,"railway=history":1.0316088454463728,"railway=hump_yard":0.4294398987895717,"railway=interlocking_tower":0.4421554496420987,"railway=junction":33.1195147810579,"railway=level_crossing":0.9268936760980147,"railway=light_rail":1393.7894393550528,"railway=loading_ramp":5.461535008914436,"railway=miniature":45.1667821317491,"railway=miniature;abandoned":0.34972001155833504,"railway=miniature_facility":0.06859238965951749,"railway=monorail":111.54289341792023,"railway=museum":4.987810515600375,"railway=narrow_gauge":860.9919688331545,"railway=no":3.188513101331913,"railway=obliterated":3.383830853585049,"railway=pedestrian":0.03979480879157538,"railway=phone":0.0068439689349936335,"railway=planned":3.6667308689819986,"railway=platform":2712.3224216204185,"railway=platform_edge":13.865132577342314,"railway=preserved":1469.0942224218963,"railway=preserved;narrow_gauge":0.002970395283214896,"railway=proposed":420.5797868233794,"railway=rail":80044.53352088957,"railway=rail and maxspeed=*":16081.326815496981,"railway=razed":829.2524601310594,"railway=roundhouse":38.916008940222,"railway=service_station":30.32619324366786,"railway=siding":0.08237844146377571,"railway=signal":0.022370623090444096,"railway=signal_box":21.292152325673044,"railway=signal_bridge":0.11034706278423455,"railway=site":1.6497458504815397,"railway=spur":13.525040378198476,"railway=station":179.35651883156513,"railway=subway":1036.9404897183401,"railway=subway_entrance":2.356852253446914,"railway=switch":0.11027040550080314,"railway=switch_box":0.09812187178452816,"railway=terminal":0.13424679159705905,"railway=tourism":0.05671844111617573,"railway=track_diagram":0.08804233258862403,"railway=train_depot":0.46405911539122474,"railway=train_station":0.23988062110709463,"railway=tram":4824.749812227311,"railway=tram; disused":0.0779709843192105,"railway=tram_station":0.11219077107452521,"railway=tram_stop":8.276496765272395,"railway=transfer table":0.15028014418743008,"railway=traverser":2.5888902719953286,"railway=trolley_rails":1.0511521542280489,"railway=turntable":18.899875799759783,"railway=unknown":0.4447148383178748,"railway=wash":1.2026196380700709,"railway=water_tower":0.09308510403071375,"railway=workshop":1.1780855101585146,"railway=yard":37.484167893273565,"railway=yes":7.382923658930111},"Counts":{"railway:signal:combined":361,"railway:signal:distant":1465,"railway:signal:main":2527,"railway:signal:speed_limit":2664,"railway:signal:speed_limit_distant":730,"railway=halt":4334,"railway=milestone":6098,"railway=signal":9156,"railway=station":5567}}
