{"FileName":"2014-11-railway.pbf","Lengths":{"railway=Betriebshof":1.8317344582121753,"railway=Lastenaufzug":0.08928243379717733,"railway=RAZED":0.05668927801712865,"railway=Stellwerk":0.05303378599319601,"railway=Wendeanlage":0.3899394725835965,"railway=abandoned":12051.653352363639,"railway=abandoned_and_removed":0.4440462178443041,"railway=abandoned_tram":1.1549824447263541,"railway=abandoned|dismantled":15.28792091042673,"railway=branch":0.024547494858106818,"railway=buffer_stop":0.0019400517270842389,"railway=coaling_facility":0.21109614242117655,"railway=coaster":1.1282596308900144,"railway=construction":555.3064504936631,"railway=container_terminal":27.380278743782622,"railway=control_point":0.0320406058455398,"railway=crane_rail":0.07314924700398953,"railway=crossing":0.04809948685590076,"railway=crossover":5.413726100492262,"railway=depot":1.2756684176894006,"railway=dismantled":471.9379386941117,"railway=disused":4640.277964330245,"railway=disused_station":0.11649120436704591,"railway=electronic":0.11770577769033844,"railway=engine_house":2.416519462997538,"railway=engine_shed":7.417770818904612,"railway=erazed":0.15594782727922565,"railway=freight_yard":4.0854646655022435,"railway=fuel":0.8171744387873672,"railway=funicular":13.262590034897098,"railway=goods":0.006951573339902644,"railway=halt":27.428048918654895,"railway=historic":43.984326663331444,"railway=hump_yard":0.4294398987895717,"railway=interlocking_tower":0.2663660314663319,"railway=junction":34.9767599134794,"railway=level_crossing":2.308224342840512,"railway=light_rail":1724.3401905306798,"railway=loading_ramp":7.085515368576612,"railway=miniature":49.10562899881,"railway=miniature_facility":0.06859238965951749,"railway=monorail":115.05674195979734,"railway=museum":5.351332607076088,"railway=narrow_gauge":903.2949338655407,"railway=no":4.777507903378093,"railway=pedestrian":0.03979480879157538,"railway=phone":0.0068439689349936335,"railway=pit":0.0833728528396407,"railway=planned":4.377480105565218,"railway=platform":2663.449661683045,"railway=platform_edge":12.606865220551038,"railway=preserved":1503.3953375953997,"railway=preserved;narrow_gauge":0.001272524947867112,"railway=proposed":286.66351248614285,"railway=rail":80452.4376167296,"railway=rail and maxspeed=*":21710.87485551011,"railway=razed":1261.3279764394858,"railway=razed\\":0.04167261627743591,"railway=roundhouse":40.367442683626436,"railway=service_station":28.9853357348923,"railway=siding":0.08237844146377571,"railway=signa_box":0.04645313331163121,"railway=signal":0.22419209851504374,"railway=signal_box":31.64057946318829,"railway=signal_bridge":0.11034706278423455,"railway=spur":9.050155036110864,"railway=spur_junction":1.863807817684849,"railway=station":127.3091535619552,"railway=station_area":33.09208278976944,"railway=subway":1052.1827541310483,"railway=subway_entrance":2.3290305019313116,"railway=switch":0.2555056559310193,"railway=switch_box":0.12592542096276232,"railway=terminal":0.13424679159705905,"railway=tourism":0.05671844111617573,"railway=track_diagram":0.08804233258862403,"railway=train_depot":0.46500074004706315,"railway=train_station":0.25237176686593826,"railway=tram":4932.587778228055,"railway=tram; disused":0.0779709843192105,"railway=tram_station":0.11219077107452521,"railway=tram_stop":7.909053332847397,"railway=transfer table":0.15028014418743008,"railway=traverser":5.965397355877045,"railway=trolley_rails":1.0511521542280489,"railway=turntable":19.51979101488221,"railway=uncompleted":7.853380884635944,"railway=unknown":0.4447148383178748,"railway=unrecommended":165.97819661764942,"railway=wash":1.595239942855211,"railway=water_tower":0.15789438025681302,"railway=workshop":6.101372154388292,"railway=yard":37.49814628962465,"railway=yes":9.391758408375082},"Counts":{"railway:signal:combined":1006,"railway:signal:distant":2956,"railway:signal:main":4360,"railway:signal:speed_limit":4435,"railway:signal:speed_limit_distant":1474,"railway=halt":4329,"railway=milestone":10857,"railway=signal":16260,"railway=station":5333}}
