{"FileName":"2014-12-railway.pbf","Lengths":{"railway=Betriebshof":1.8317344582121753,"railway=Lastenaufzug":0.08928243379717733,"railway=RAZED":0.05668927801712865,"railway=Stellwerk":0.05303378599319601,"railway=Wendeanlage":0.3899394725835965,"railway=abandoned":12347.57789101361,"railway=abandoned_and_removed":0.4440462178443041,"railway=abandoned_tram":1.1549824447263541,"railway=abandoned|dismantled":14.90707910684159,"railway=branch":0.024547494858106818,"railway=buffer_stop":0.0019400517270842389,"railway=coaling_facility":0.2110961424211765,"railway=coaster":1.1282596308900144,"railway=construction":554.9562885187585,"railway=container_terminal":27.554775010687997,"railway=control_point":0.0320406058455398,"railway=crane_rail":0.07314924700398953,"railway=crossing":0.04809948685590076,"railway=crossover":5.413726100492262,"railway=depot":1.2756684176894006,"railway=dismantled":352.71054639511385,"railway=disused":4633.372795883893,"railway=disused_station":0.11649120436704591,"railway=electronic":0.11770577769033844,"railway=engine_house":2.416519462997538,"railway=engine_shed":8.28729453919852,"railway=erazed":0.0897616256741223,"railway=freight_yard":4.0854646655022435,"railway=fuel":1.191093078068003,"railway=funicular":13.464719270518454,"railway=goods":0.006951573339902644,"railway=halt":28.12528506640669,"railway=historic":41.24801783928312,"railway=hump_yard":0.4294398987895717,"railway=interlocking_tower":0.26636603146633187,"railway=junction":34.01207789345772,"railway=level_crossing":1.4359654038920941,"railway=light_rail":1712.6982991567857,"railway=loading_ramp":8.5244539496446,"railway=miniature":48.991614427096316,"railway=miniature_facility":0.06859238965951749,"railway=monorail":115.99934507236478,"railway=museum":5.434906632795052,"railway=narrow_gauge":917.5298848820433,"railway=no":4.221620676810721,"railway=pedestrian":0.03979480879157538,"railway=phone":0.0068439689349936335,"railway=pit":0.0833728528396407,"railway=planned":3.6323187992456236,"railway=platform":2717.3828944141374,"railway=platform_edge":12.370549317357876,"railway=preserved":1482.7032671365835,"railway=preserved;narrow_gauge":0.001272524947867112,"railway=proposed":287.46651672734,"railway=rail":80568.93076204362,"railway=rail and maxspeed=*":21942.924859987557,"railway=razed":1365.5157581646274,"railway=razed\\":0.04167261627743591,"railway=razzed":0.3993028282128756,"railway=roundhouse":39.580135355604746,"railway=service_station":37.31733406817173,"railway=siding":0.08237844146377571,"railway=signa_box":0.04645313331163121,"railway=signal":0.22419209851504374,"railway=signal_box":31.99081883700259,"railway=signal_bridge":0.11034706278423455,"railway=spur_junction":3.3152171758508406,"railway=station":80.44360997448605,"railway=station_area":107.86321921368288,"railway=station_building":0.12112037918827152,"railway=subway":1058.6086238112914,"railway=subway_entrance":2.226679387195173,"railway=switch":0.2555056559310193,"railway=switch_box":0.12592542096276232,"railway=terminal":0.13424679159705905,"railway=tourism":0.05671844111617573,"railway=track_diagram":0.08804233258862403,"railway=train_depot":0.46500074004706315,"railway=train_station":0.25237176686593826,"railway=tram":4946.5011189028355,"railway=tram; disused":0.0779709843192105,"railway=tram_station":0.11219077107452521,"railway=tram_stop":7.697808403327793,"railway=transfer table":0.15028014418743008,"railway=traverser":6.272540741423783,"railway=trolley_rails":1.0511521542280489,"railway=turntable":19.792486729880128,"railway=uncompleted":7.853797953172323,"railway=unknown":0.4447148383178748,"railway=unrecommended":166.06593473193678,"railway=wash":2.100490950354998,"railway=water_tower":0.1883476812877519,"railway=workshop":6.101372154388292,"railway=yard":42.32395530445392,"railway=yes":12.665827636949864},"Counts":{"railway:signal:combined":1061,"railway:signal:distant":3086,"railway:signal:main":4561,"railway:signal:speed_limit":4588,"railway:signal:speed_limit_distant":1545,"railway=halt":4357,"railway=milestone":11128,"railway=signal":16839,"railway=station":5243}}
