{"FileName":"2014-03-railway.pbf","Lengths":{"railway=Lastenaufzug":0.08928243379717733,"railway=Stellwerk":0.05795095714507744,"railway=abandoned":11028.77666892953,"railway=abandoned_tram":1.1549824447263541,"railway=buffer_stop":0.004074112006570322,"railway=building":0.030205171430689553,"railway=coaling_facility":0.14199236281900154,"railway=coaster":1.1238136751091476,"railway=construction":684.951235828769,"railway=container_terminal":26.796458875409286,"railway=crane_rail":0.07314924700398953,"railway=crossing":2.0285490007635034,"railway=crossover":1.3407629793445428,"railway=depot":1.2756684176894006,"railway=dismantled":278.03944548047986,"railway=disused":4464.394559135526,"railway=disused;construction":1.3691625370944673,"railway=disused_station":0.11649120436704591,"railway=electronic":0.11770577769033844,"railway=engine_house":2.4232671167698707,"railway=engine_shed":4.731750850156622,"railway=erazed":0.15594782727922565,"railway=former":1.0472170218892833,"railway=freight_yard":4.089049062568818,"railway=fuel":0.4266098033201208,"railway=funicular":13.28035656672363,"railway=goods":0.006951573339902644,"railway=halt":29.402005253442482,"railway=historic":38.564093469034944,"railway=history":2.315751502798007,"railway=interlocking_tower":0.4421554496420987,"railway=junction":33.119514781057866,"railway=level crossing":0.011175317431512873,"railway=level_crossing":1.1069016904611775,"railway=light_rail":1404.9211988589336,"railway=loading_ramp":5.242570443248173,"railway=miniature":41.02184253188911,"railway=miniature;abandoned":0.34972001155833504,"railway=miniature_facility":0.06859238965951749,"railway=monorail":111.60343551978364,"railway=museum":3.1372015136394626,"railway=narrow_gauge":861.7007153826029,"railway=no":2.9788678137336406,"railway=obliterated":3.383830853585049,"railway=old station":0.044351988003749294,"railway=pedestrian":0.03979480879157538,"railway=phone":0.0068439689349936335,"railway=planned":3.66682480344883,"railway=platform":2701.3389578618007,"railway=platform_edge":13.784266305586298,"railway=preserved":1490.9871560142913,"railway=preserved;narrow_gauge":0.002970395283214896,"railway=proposed":432.814240480099,"railway=rail":79903.72847562812,"railway=rail and maxspeed=*":14007.09364604723,"railway=razed":653.4924083897691,"railway=roundhouse":39.30523890156044,"railway=service_station":30.326193243667877,"railway=signal":0.022370623090444096,"railway=signal_box":17.930564620690664,"railway=signal_bridge":0.11034706278423455,"railway=site":1.6497458504815397,"railway=spur":19.7715902912143,"railway=station":183.51496355680976,"railway=subway":1030.7300184703931,"railway=subway_entrance":2.3568522534469145,"railway=switch":0.04148045976527011,"railway=switch_box":0.09812187178452816,"railway=terminal":0.13424679159705905,"railway=tourism":0.05671844111617573,"railway=tr":0.037106380357104334,"railway=track_diagram":0.08804233258862403,"railway=train_depot":0.46405911539122474,"railway=train_station":0.0721521582396768,"railway=tram":4800.088009622852,"railway=tram; disused":0.0779709843192105,"railway=tram_station":0.11219077107452521,"railway=tram_stop":6.979328601542548,"railway=transfer table":0.15028014418743008,"railway=traverser":2.588890271995328,"railway=trolley_rails":1.0511521542280489,"railway=turntable":18.446235461883933,"railway=unknown":0.4447148383178748,"railway=wash":1.2026196380700709,"railway=water_tower":0.06694844345351302,"railway=workshop":1.1780855101585146,"railway=yard":36.47386546818015,"railway=yes":0.6543219497506371},"Counts":{"railway:signal:combined":270,"railway:signal:distant":1179,"railway:signal:main":2182,"railway:signal:speed_limit":1890,"railway:signal:speed_limit_distant":480,"railway=halt":4292,"railway=milestone":4046,"railway=signal":7369,"railway=station":5736}}
