{"FileName":"2014-07-railway.pbf","Lengths":{"railway=Lastenaufzug":0.08928243379717733,"railway=Stellwerk":0.05795095714507744,"railway=abandoned":11497.231739943176,"railway=abandoned_and_removed":0.4440462178443041,"railway=abandoned_tram":1.1549824447263541,"railway=abandoned|dismantled":14.90707910684159,"railway=buffer_stop":0.004138779300751466,"railway=coaling_facility":0.17728181853147243,"railway=coaster":1.1238136751091476,"railway=construction":726.6356928343124,"railway=container_terminal":26.7777283836213,"railway=crane_rail":0.07314924700398953,"railway=crossing":0.02046245936173348,"railway=crossover":1.3407629793445428,"railway=depot":1.2756684176894006,"railway=dismantled":448.945011691903,"railway=disused":4528.2116358681915,"railway=disused_station":0.11649120436704591,"railway=electronic":0.11770577769033844,"railway=engine_house":2.4232671167698707,"railway=engine_shed":6.005404986202457,"railway=erazed":0.15594782727922565,"railway=freight_yard":4.089049062568818,"railway=fuel":0.5053173417173578,"railway=funicular":13.268137894322159,"railway=goods":0.006951573339902644,"railway=halt":29.32449576998624,"railway=historic":35.434430265287766,"railway=hump_yard":0.4294398987895717,"railway=interlocking_tower":0.4421554496420987,"railway=junction":32.27126684801355,"railway=level_crossing":1.5161495867432722,"railway=light_rail":1360.3868251876368,"railway=loading_ramp":5.855118243735864,"railway=miniature":45.523507411000494,"railway=miniature;abandoned":0.34972001155833504,"railway=miniature_facility":0.06859238965951749,"railway=monorail":112.4308677622614,"railway=museum":4.987810515600375,"railway=narrow_gauge":871.0421984481752,"railway=no":3.431511388490038,"railway=obliterated":2.652904124738527,"railway=pedestrian":0.03979480879157538,"railway=phone":0.0068439689349936335,"railway=pit":0.0833728528396407,"railway=planned":4.386073410948798,"railway=platform":2723.507416742524,"railway=platform_edge":13.86505615325972,"railway=preserved":1467.4649292348124,"railway=preserved;narrow_gauge":0.002970395283214896,"railway=proposed":258.5606166336814,"railway=rail":80195.29240611453,"railway=rail and maxspeed=*":17956.30658010774,"railway=razed":1072.8966293815602,"railway=razed\\":0.04167261627743591,"railway=roundhouse":39.53403510792503,"railway=service_station":30.32706798291859,"railway=siding":0.08237844146377571,"railway=signal":0.22419209851504374,"railway=signal_box":24.41610906924214,"railway=signal_bridge":0.11034706278423455,"railway=site":1.6497458504815399,"railway=spur":11.71364852143359,"railway=station":181.91691660572096,"railway=subway":1046.9276531462142,"railway=subway_entrance":2.3051842562993645,"railway=switch":0.11027040550080314,"railway=switch_box":0.09812187178452816,"railway=terminal":0.13424679159705905,"railway=tourism":0.05671844111617573,"railway=track_diagram":0.08804233258862403,"railway=train_depot":0.46500074004706315,"railway=train_station":0.23988062110709463,"railway=tram":4865.536011472457,"railway=tram; disused":0.0779709843192105,"railway=tram_station":0.11219077107452521,"railway=tram_stop":8.422963957524539,"railway=transfer table":0.15028014418743008,"railway=traverser":2.733438520000631,"railway=trolley_rails":1.0511521542280489,"railway=turntable":19.672470708407058,"railway=unknown":0.4447148383178748,"railway=unrecommended":165.97819177318405,"railway=wash":1.595239942855211,"railway=water_tower":0.1364843271255238,"railway=workshop":5.2452550149242745,"railway=yard":37.482610421291255,"railway=yes":4.820679080344076},"Counts":{"railway:signal:combined":539,"railway:signal:distant":2025,"railway:signal:main":3138,"railway:signal:speed_limit":3124,"railway:signal:speed_limit_distant":898,"railway=halt":4292,"railway=milestone":7254,"railway=signal":11116,"railway=station":5504}}
