{"FileName":"2014-02-railway.pbf","Lengths":{"railway=Lastenaufzug":0.08928243379717733,"railway=Stellwerk":0.05795095714507744,"railway=abandoned":10723.282933188346,"railway=abandoned_tram":1.1550046663178586,"railway=buffer_stop":0.004074112006570322,"railway=building":0.030205171430689553,"railway=coaling_facility":0.14199236281900154,"railway=coaster":1.1238136751091476,"railway=construction":677.548984792119,"railway=container_terminal":26.777821968477088,"railway=crane_rail":0.07314924700398953,"railway=crossing":2.0285490007635034,"railway=crossover":1.3407629793445428,"railway=depot":1.2756684176894006,"railway=dismantled":277.9185649876011,"railway=disused":4441.561586079702,"railway=disused;construction":1.3691625370944671,"railway=disused_station":0.11649120436704591,"railway=electronic":0.11770577769033844,"railway=engine_house":2.423267116769871,"railway=engine_shed":4.510788424844586,"railway=erazed":0.15594782727922565,"railway=former":1.0472170218892833,"railway=freight_yard":4.089049062568818,"railway=fuel":0.36091334789996965,"railway=funicular":13.280356566723627,"railway=goods":0.006951573339902644,"railway=halt":27.64952544227601,"railway=historic":38.564092899574646,"railway=history":2.315751502798007,"railway=interlocking_tower":0.4421554496420986,"railway=junction":30.301334812398302,"railway=level crossing":0.011175317431512873,"railway=level_crossing":1.106901690461177,"railway=light_rail":1428.1930047634041,"railway=loading_ramp":4.842617846609908,"railway=miniature":40.96782972806508,"railway=miniature;abandoned":0.34972001155833504,"railway=miniature_facility":0.06859238965951749,"railway=monorail":109.75924487133831,"railway=museum":3.1372015136394626,"railway=narrow_gauge":847.0743305779616,"railway=no":2.9788678137336406,"railway=obliterated":3.383830853585049,"railway=old station":0.044351988003749294,"railway=pedestrian":0.03979480879157538,"railway=phone":0.0068439689349936335,"railway=planned":3.66682480344883,"railway=platform":2672.857274300945,"railway=platform_edge":13.787624270552252,"railway=preserved":1448.5015753121531,"railway=preserved;narrow_gauge":0.002970395283214896,"railway=proposed":445.22904743383765,"railway=rail":79929.7513389991,"railway=rail and maxspeed=*":13519.783985964905,"railway=razed":591.4024707755266,"railway=razed+":0.147395656251159,"railway=roundhouse":39.35974911808948,"railway=service_station":25.989516311309504,"railway=signal":0.022370623090444096,"railway=signal_box":16.25752793697467,"railway=signal_bridge":0.11034706278423455,"railway=site":3.6263909605930595,"railway=spur":19.769657398837655,"railway=station":171.64668535882296,"railway=subway":1015.5684543105226,"railway=subway_entrance":2.3426975208188145,"railway=switch":0.04148045976527011,"railway=switch_box":0.09812187178452816,"railway=terminal":0.13424679159705905,"railway=tourism":0.05671844111617573,"railway=tr":0.037106380357104334,"railway=track_diagram":0.08804233258862403,"railway=train_depot":0.46405911539122474,"railway=tram":4756.408013147581,"railway=tram; disused":0.0779709843192105,"railway=tram_station":0.11219077107452521,"railway=tram_stop":7.26189094492102,"railway=transfer table":0.15028014418743008,"railway=traverser":2.5888902719953277,"railway=trolley_rails":1.0511521542280489,"railway=turntable":18.36421782474347,"railway=wash":0.9636737317955427,"railway=water_tower":0.03235225579274456,"railway=workshop":1.1780855101585146,"railway=yard":34.5086629552013,"railway=yes":0.6740555153559668},"Counts":{"railway:signal:combined":236,"railway:signal:distant":916,"railway:signal:main":1870,"railway:signal:speed_limit":1647,"railway:signal:speed_limit_distant":366,"railway=halt":4323,"railway=milestone":3628,"railway=signal":6367,"railway=station":5820}}
