{"FileName":"2014-01-railway.pbf","Lengths":{"railway=Lastenaufzug":0.08928243379717733,"railway=Stellwerk":0.05795095714507744,"railway=abandoned":10397.747706591725,"railway=abandoned_tram":1.1544131676982565,"railway=buffer_stop":0.004074112006570322,"railway=building":0.030205171430689553,"railway=coaling_facility":0.09132878880084765,"railway=coaster":1.1238136751091476,"railway=construction":670.4623880370626,"railway=container_terminal":28.81213306632503,"railway=crane_rail":0.07314924700398953,"railway=crossing":2.0285490007635034,"railway=crossover":1.3912390251942723,"railway=depot":1.2756684176894006,"railway=dismantled":272.4090957093517,"railway=disused":4426.826966029922,"railway=disused;construction":1.3691625370944673,"railway=disused_station":0.11649120436704591,"railway=electronic":0.11770577769033844,"railway=engine_house":2.423267116769871,"railway=engine_shed":4.3537728761390175,"railway=erazed":0.15698103963808238,"railway=former":1.0472170218892833,"railway=freight_yard":4.089049062568818,"railway=fuel":0.3058972014096385,"railway=funicular":13.28035656672363,"railway=goods":0.006951573339902644,"railway=halt":27.107159104513105,"railway=historic":38.58040824093335,"railway=history":2.315751502798007,"railway=interlocking_tower":0.4421554496420986,"railway=junction":30.112654997573376,"railway=level_crossing":1.1205054184169516,"railway=light_rail":1431.7287735322257,"railway=loading_ramp":4.109022521031004,"railway=miniature":40.80602092348637,"railway=miniature_facility":0.06859238965951749,"railway=monorail":111.40890194645469,"railway=museum":3.1372015136394626,"railway=narrow_gauge":842.7650784537876,"railway=no":2.978864451340951,"railway=obliterated":3.383830853585049,"railway=old station":0.044351988003749294,"railway=pedestrian":0.03979480879157538,"railway=phone":0.0068439689349936335,"railway=planned":3.66682480344883,"railway=platform":2652.459414246842,"railway=platform_edge":13.787624270552252,"railway=preserved":1483.9049639300147,"railway=preserved;narrow_gauge":0.002970395283214896,"railway=proposed":436.6178600785714,"railway=rail":79824.93644690685,"railway=rail and maxspeed=*":10794.788060573766,"railway=razed":379.70874594394894,"railway=roundhouse":39.22520163368214,"railway=service":0.08230231705704251,"railway=service_station":25.989516311309504,"railway=signal":0.022370623090444096,"railway=signal_box":14.830831440610895,"railway=signal_bridge":0.11034706278423455,"railway=site":3.6263909605930595,"railway=spur":13.523107485821832,"railway=station":168.13882674595754,"railway=subway":1014.7744934148745,"railway=subway_entrance":2.2312241529446397,"railway=switch":0.11180255824582992,"railway=switch_box":0.09812187178452816,"railway=terminal":0.13424679159705905,"railway=tourism":0.08555941195410677,"railway=tr":0.037106380357104334,"railway=track_diagram":0.08804233258862403,"railway=train_depot":0.46405911539122474,"railway=tram":4752.277504199753,"railway=tram; disused":0.0779709843192105,"railway=tram_station":0.11219077107452521,"railway=tram_stop":7.257725189581671,"railway=transfer table":0.15028014418743008,"railway=traverser":2.588890271995329,"railway=trolley_rails":1.0511521542280489,"railway=turntable":17.4955548712208,"railway=wash":0.9636737317955427,"railway=water_tower":0.03235225579274456,"railway=workshop":1.1006005612612086,"railway=yard":34.51248717790533,"railway=yes":0.6543219497506371},"Counts":{"railway:signal:combined":208,"railway:signal:distant":767,"railway:signal:main":1668,"railway:signal:speed_limit":1414,"railway:signal:speed_limit_distant":277,"railway=halt":4267,"railway=milestone":3218,"railway=signal":5564,"railway=station":5838}}
