{"FileName":"2014-09-railway.pbf","Lengths":{"railway=Lastenaufzug":0.08928243379717733,"railway=RAZED":0.05668927801712865,"railway=Stellwerk":0.05795095714507744,"railway=abandoned":11761.074963722634,"railway=abandoned_and_removed":0.4440462178443041,"railway=abandoned_tram":1.1549824447263541,"railway=abandoned|dismantled":15.287920910426731,"railway=abondoned":1.2562253014567497,"railway=active":1.4933937269375657,"railway=buffer_stop":0.004138779300751466,"railway=coaling_facility":0.17728181853147243,"railway=coaster":1.1282596308900141,"railway=construction":742.679871848653,"railway=container_terminal":26.01767162608077,"railway=crane_rail":0.07314924700398953,"railway=crossing":0.058225645760386385,"railway=crossover":1.3407629793445428,"railway=depot":1.2756684176894006,"railway=dismantled":481.077757701192,"railway=disused":4573.662138357011,"railway=disused_station":0.11649120436704591,"railway=electronic":0.11770577769033844,"railway=engine_house":2.416519462997538,"railway=engine_shed":6.568726927645755,"railway=erazed":0.15594782727922565,"railway=freight_yard":4.089355042758991,"railway=fuel":0.8171744387873672,"railway=funicular":13.262587978624916,"railway=goods":0.006951573339902644,"railway=halt":27.574219393049706,"railway=historic":35.310666666850224,"railway=hump_yard":0.4294398987895717,"railway=interlocking_tower":0.4421554496420987,"railway=junction":32.38776662281851,"railway=level_crossing":1.5157987927656686,"railway=light_rail":1455.3086997972218,"railway=loading_ramp":6.8302368664629105,"railway=miniature":46.12578300323477,"railway=miniature;abandoned":0.34972001155833504,"railway=miniature_facility":0.06859238965951749,"railway=monorail":113.52399315225101,"railway=museum":5.3513768252315606,"railway=narrow_gauge":896.5081524883037,"railway=no":4.5421774909905235,"railway=pedestrian":0.03979480879157538,"railway=phone":0.0068439689349936335,"railway=pit":0.0833728528396407,"railway=planned":4.377480105565218,"railway=platform":2653.8308211996996,"railway=platform_edge":13.220457079899441,"railway=preserved":1444.257091702702,"railway=preserved;narrow_gauge":0.001272524947867112,"railway=proposed":285.88028533115477,"railway=rail":80380.45406186667,"railway=rail and maxspeed=*":19035.22657409813,"railway=razed":1209.0802000314852,"railway=razed\\":0.04167261627743591,"railway=roundhouse":39.66641886204356,"railway=service_station":33.322012667250654,"railway=siding":0.08237844146377571,"railway=signa_box":0.04645313331163121,"railway=signal":0.22419209851504374,"railway=signal_box":29.24150546048298,"railway=signal_bridge":0.11034706278423455,"railway=site":1.6497458504815397,"railway=spur":9.987611218186537,"railway=station":158.8069011413941,"railway=station_area":15.953035046292952,"railway=subway":1017.8594298307023,"railway=subway_entrance":2.305184256299363,"railway=switch":0.2555056559310193,"railway=switch_box":0.09812187178452816,"railway=terminal":0.13424679159705905,"railway=tourism":0.05671844111617573,"railway=track_diagram":0.08804233258862403,"railway=train_depot":0.46500074004706315,"railway=train_station":0.24054149326480417,"railway=tram":4844.294815754115,"railway=tram; disused":0.0779709843192105,"railway=tram_station":0.11219077107452521,"railway=tram_stop":8.340365790511624,"railway=transfer table":0.15028014418743008,"railway=traverser":5.965397355877044,"railway=trolley_rails":1.0511521542280489,"railway=turntable":19.39752023844343,"railway=unknown":0.4447148383178748,"railway=unrecommended":165.9781917731841,"railway=wash":1.595239942855211,"railway=water_tower":0.1364843271255238,"railway=workshop":5.239951338763507,"railway=yard":37.49814628962471,"railway=yes":7.73790453396803},"Counts":{"railway:signal:combined":749,"railway:signal:distant":2476,"railway:signal:main":3867,"railway:signal:speed_limit":3809,"railway:signal:speed_limit_distant":1118,"railway=halt":4307,"railway=milestone":9369,"railway=signal":13468,"railway=station":5466}}
