{"FileName":"2014-08-railway.pbf","Lengths":{"railway=Lastenaufzug":0.08928243379717733,"railway=RAZED":0.05668927801712865,"railway=Stellwerk":0.05795095714507744,"railway=abandoned":11719.48298339436,"railway=abandoned_and_removed":0.4440462178443041,"railway=abandoned_tram":1.1549824447263541,"railway=abandoned|dismantled":14.90707910684159,"railway=buffer_stop":0.004138779300751466,"railway=coaling_facility":0.17728181853147243,"railway=coaster":1.1238136751091476,"railway=construction":726.2002690147242,"railway=container_terminal":26.017671626080777,"railway=crane_rail":0.07314924700398953,"railway=crossing":0.058225645760386385,"railway=crossover":1.3407629793445428,"railway=depot":1.2756684176894006,"railway=dismantled":440.40223540621645,"railway=disused":4523.491301276122,"railway=disused_station":0.11649120436704591,"railway=electronic":0.11770577769033844,"railway=engine_house":2.416519462997537,"railway=engine_shed":6.270363575676656,"railway=erazed":0.15594782727922565,"railway=freight_yard":4.089355042758991,"railway=fuel":0.817174438787367,"railway=funicular":13.268137894322157,"railway=goods":0.006951573339902644,"railway=halt":27.907346637410747,"railway=historic":35.418873581763904,"railway=hump_yard":0.4294398987895717,"railway=interlocking_tower":0.4421554496420987,"railway=junction":34.629091503902565,"railway=level_crossing":1.5157987927656686,"railway=light_rail":1459.1488546243866,"railway=loading_ramp":6.83023686646291,"railway=miniature":45.26339702236496,"railway=miniature;abandoned":0.34972001155833504,"railway=miniature_facility":0.06859238965951749,"railway=monorail":111.86159640013236,"railway=museum":5.351376735800605,"railway=narrow_gauge":874.0893919320845,"railway=no":4.628264201407516,"railway=obliterated":2.0951313361133215,"railway=pedestrian":0.03979480879157538,"railway=phone":0.0068439689349936335,"railway=pit":0.0833728528396407,"railway=planned":4.377480105565218,"railway=platform":2721.0933156019782,"railway=platform_edge":13.220457079899441,"railway=preserved":1468.915527627998,"railway=preserved;narrow_gauge":0.002970395283214896,"railway=proposed":265.8503963480362,"railway=rail":80341.70719901875,"railway=rail and maxspeed=*":18503.10932234568,"railway=razed":1055.5562191050456,"railway=razed\\":0.04167261627743591,"railway=roundhouse":39.66641886204356,"railway=service_station":30.327068059802382,"railway=siding":0.08237844146377571,"railway=signal":0.22419209851504374,"railway=signal_box":26.426043495245697,"railway=signal_bridge":0.11034706278423455,"railway=site":1.6497458504815397,"railway=spur":11.71364852143359,"railway=station":167.37546682725085,"railway=station_area":15.953035046292952,"railway=subway":998.5743898184816,"railway=subway_entrance":2.3051842562993623,"railway=switch":0.11027040550080314,"railway=switch_box":0.09812187178452816,"railway=terminal":0.13424679159705905,"railway=tourism":0.05671844111617573,"railway=track_diagram":0.08804233258862403,"railway=train_depot":0.46500074004706315,"railway=train_station":0.24054149326480423,"railway=tram":4834.353488051849,"railway=tram; disused":0.0779709843192105,"railway=tram_station":0.11219077107452521,"railway=tram_stop":8.339666435963665,"railway=transfer table":0.15028014418743008,"railway=traverser":5.965397355877046,"railway=trolley_rails":1.0511521542280489,"railway=turntable":19.851337548720263,"railway=unknown":0.4447148383178748,"railway=unrecommended":165.97819177318416,"railway=wash":1.595239942855211,"railway=water_tower":0.1364843271255238,"railway=workshop":5.317436287660813,"railway=yard":37.48261042129124,"railway=yes":4.96557722824789},"Counts":{"railway:signal:combined":587,"railway:signal:distant":2208,"railway:signal:main":3515,"railway:signal:speed_limit":3397,"railway:signal:speed_limit_distant":974,"railway=halt":4311,"railway=milestone":8067,"railway=signal":12256,"railway=station":5484}}
