{"FileName":"2015-11-railway.pbf","Lengths":{"railway=Lastenaufzug":0.08928243379717733,"railway=Ortsstellbereich":9.281074411328747,"railway=RAZED":0.05668927801712865,"railway=Wendeanlage":0.3899394725835965,"railway=abandoned":13417.73420034712,"railway=abandoned; historic":0.7506494481810401,"railway=abandoned_tram":1.1544567459797468,"railway=blockpost":0.09029796546330993,"railway=branch":0.024547494858106818,"railway=buffer_stop":0.0019400517270842389,"railway=coaling_facility":0.21109614242117655,"railway=coaster":0.31776425342154446,"railway=construction":722.2205518083457,"railway=container_terminal":26.100872151794896,"railway=crane_rail":0.07314924700398953,"railway=crossing":0.06344456048151752,"railway=crossing_box":0.17414121298938084,"railway=crossover":5.413726100492262,"railway=depot":1.2746669278236964,"railway=dismantled":245.35096543074374,"railway=disused":5080.4989364627045,"railway=disused;rail":0.11403262035986815,"railway=disused_station":0.11649120436704591,"railway=e":0.14705424823844457,"railway=emergency_access_point":0.08306241737325577,"railway=engine_house":2.4165194629975373,"railway=engine_shed":14.835897947988698,"railway=erazed":0.0897616256741223,"railway=ferry":18.8975916671345,"railway=freight_yard":4.08614229260668,"railway=fuel":1.9468403501350056,"railway=funicular":13.33894436261442,"railway=goods":0.006951573339902644,"railway=grade3":0.4371165027290289,"railway=halt":20.62384862447042,"railway=historic":72.52733956040804,"railway=hump_yard":0.4294398987895717,"railway=interlocking_tower":0.26636603146633187,"railway=junction":32.437388098852225,"railway=level_crossing":0.8046939439969928,"railway=light_rail":1707.0613045593084,"railway=loading_ramp":14.190794783207478,"railway=miniature":47.14747503089012,"railway=miniature_facility":0.06859238965951749,"railway=monorail":122.37333046650754,"railway=museum":5.500308854537544,"railway=narrow_gauge":998.9333988383154,"railway=no":3.5163706899487734,"railway=pedestrian":0.03979480879157538,"railway=phone":0.0068439689349936335,"railway=pit":0.0833728528396407,"railway=planned":2.1866531014565447,"railway=platform":2970.5693467082833,"railway=platform_area":0.01857609380036248,"railway=platform_edge":43.441426667772696,"railway=preserved":1221.9141126339284,"railway=preserved;narrow_gauge":0.001272524947867112,"railway=proposed":622.6382708886047,"railway=rail":81263.52994025227,"railway=rail and maxspeed=*":26296.381767217008,"railway=raized":0.02773340063372997,"railway=razed":2111.3414422424557,"railway=razed_subway":0.2537449044471845,"railway=razzed":0.06618620160510336,"railway=rezed":0.18539560543078062,"railway=roundhouse":39.19399373540016,"railway=service_station":37.31642023547001,"railway=signa_box":0.04645313331163121,"railway=signal":0.024091686612076054,"railway=signal_box":48.20040374031142,"railway=signal_bridge":0.11034706278423455,"railway=spur":0.0678387375214759,"railway=spur_junction":3.9126497268969853,"railway=station":47.48961805090005,"railway=station_area":78.83264529939208,"railway=station_building":0.5920890240947615,"railway=stop":0.6478496307554105,"railway=subway":1109.7025951541918,"railway=subway_entrance":2.2053019681289676,"railway=switch_box":0.1658768153145238,"railway=terminal":0.13424679159705905,"railway=tourism":0.05671844111617573,"railway=track_diagram":0.08804233258862403,"railway=train_depot":0.46500074004706315,"railway=train_repair":1.682824339451313,"railway=train_station":0.2455405116851105,"railway=tram":5123.817283786915,"railway=tram_station":0.11219077107452521,"railway=tram_stop":6.802061511144602,"railway=transfer table":0.1502914914843715,"railway=traverser":7.190410059016965,"railway=trolley_rails":1.0511627480132835,"railway=turntable":20.158985323038312,"railway=uncompleted":6.98736134928566,"railway=unknown":0.4447148383178748,"railway=wash":3.327935552322665,"railway=water_tower":0.2689518404681824,"railway=workshop":10.075315801189156,"railway=yard":45.63564746320459,"railway=yes":13.12908651273207},"Counts":{"railway:signal:combined":2734,"railway:signal:distant":6847,"railway:signal:main":8615,"railway:signal:speed_limit":7907,"railway:signal:speed_limit_distant":3282,"railway=halt":4098,"railway=milestone":19092,"railway=signal":32939,"railway=station":4827}}
