{"FileName":"2015-08-railway.pbf","Lengths":{"railway=Lastenaufzug":0.08928243379717733,"railway=Ortsstellbereich":7.918960516357414,"railway=RAZED":0.05668927801712865,"railway=Wendeanlage":0.3899394725835965,"railway=abandoned":13210.177490458158,"railway=abandoned; historic":0.7506494481810401,"railway=abandoned_and_removed":0.4440462178443041,"railway=abandoned_tram":1.1544567459797468,"railway=abandoned|dismantled":14.907079106841593,"railway=blockpost":0.026908686170000168,"railway=branch":0.024547494858106818,"railway=buffer_stop":0.0019400517270842389,"railway=coaling_facility":0.2110961424211765,"railway=coaster":0.31776425342154446,"railway=construction":657.4533974012262,"railway=container_terminal":26.625839070843632,"railway=crane_rail":0.07314924700398953,"railway=crossing":0.03296468509189044,"railway=crossing_box":0.048318465862785924,"railway=crossover":5.413726100492262,"railway=depot":1.2746669278236964,"railway=dismantled":245.21720862123877,"railway=disused":5070.7587463094305,"railway=disused;rail":0.11403262035986815,"railway=disused_station":0.11649120436704591,"railway=e":0.14705424823844457,"railway=electronic":0.11770577769033844,"railway=emergency_access_point":0.08306241737325577,"railway=engine_house":2.4165194629975373,"railway=engine_shed":11.53593324663714,"railway=erazed":0.0897616256741223,"railway=freight_yard":4.08614229260668,"railway=fuel":1.7871984841049602,"railway=funicular":13.456985623020483,"railway=goods":0.006951573339902644,"railway=grade3":0.4371165027290289,"railway=grazed":0.12732827689369516,"railway=halt":20.695395968106595,"railway=historic":75.15521669949187,"railway=hump_yard":0.4294398987895717,"railway=interlocking_tower":0.26636603146633187,"railway=junction":32.436712332869185,"railway=level_crossing":1.4108286950588278,"railway=light_rail":1708.3158829914425,"railway=loading_ramp":12.712120866421728,"railway=miniature":46.60367781840066,"railway=miniature_facility":0.06859238965951749,"railway=monorail":123.23422925431917,"railway=museum":5.43316472889572,"railway=narrow_gauge":975.953043909364,"railway=no":3.494258382055525,"railway=pedestrian":0.03979480879157538,"railway=phone":0.0068439689349936335,"railway=pit":0.0833728528396407,"railway=planned":2.0474220413549196,"railway=platform":2941.1429498285297,"railway=platform_area":0.01857609380036248,"railway=platform_edge":35.625218955440666,"railway=preserved":1269.089465611302,"railway=preserved;narrow_gauge":0.001272524947867112,"railway=proposed":605.5567221890353,"railway=rail":81096.70831685829,"railway=rail and maxspeed=*":25076.28917242291,"railway=raized":0.02773340063372997,"railway=razad":0.3008095431767502,"railway=razed":1956.4926548819737,"railway=razed_subway":0.2537449044471845,"railway=razzed":0.06618620160510336,"railway=roundhouse":39.13915058961764,"railway=service_station":37.31642023547008,"railway=signa_box":0.04645313331163121,"railway=signal":0.024091686612076054,"railway=signal_box":43.195016879328215,"railway=signal_bridge":0.11034706278423455,"railway=spur":0.0678387375214759,"railway=spur_junction":3.912649726896984,"railway=station":53.12501271062124,"railway=station_area":78.59551416791774,"railway=station_building":0.5920879707284337,"railway=stop":0.3774472999439367,"railway=subway":1101.7683658867206,"railway=subway_entrance":2.2053019681289667,"railway=switch":0.06878994573553303,"railway=switch_box":0.09807607284944277,"railway=terminal":0.13424679159705905,"railway=tourism":0.05671844111617573,"railway=track_diagram":0.08804233258862403,"railway=train_depot":0.46500074004706315,"railway=train_station":0.2455405116851105,"railway=tram":5092.790057860569,"railway=tram_station":0.11219077107452521,"railway=tram_stop":6.336545946179347,"railway=transfer table":0.15028014418743008,"railway=traverser":6.439242823705705,"railway=trolley_rails":1.0511627480132835,"railway=turntable":19.89826877569458,"railway=uncompleted":6.98736134928566,"railway=unknown":0.4447148383178748,"railway=wash":3.001623129153322,"railway=water_tower":0.23136505262516985,"railway=workshop":8.172872673606907,"railway=yard":45.63547405725062,"railway=yes":14.629076900922604},"Counts":{"railway:signal:combined":2186,"railway:signal:distant":5563,"railway:signal:main":7343,"railway:signal:speed_limit":6861,"railway:signal:speed_limit_distant":2594,"railway=halt":4071,"railway=milestone":16909,"railway=signal":28060,"railway=station":4949}}
