{"FileName":"2015-05-railway.pbf","Lengths":{"railway=Betriebshof":1.8317344582121753,"railway=Lastenaufzug":0.08928243379717733,"railway=RAZED":0.05668927801712865,"railway=Stellwerk":0.05303378599319601,"railway=Wendeanlage":0.3899394725835965,"railway=abandoned":13047.498429635265,"railway=abandoned; historic":0.7506494481810401,"railway=abandoned_and_removed":0.4440462178443041,"railway=abandoned_tram":1.154982444726354,"railway=abandoned|dismantled":14.90707910684159,"railway=abendoned":0.06872801604513329,"railway=blockpost":0.026908686170000168,"railway=branch":0.024547494858106818,"railway=buffer_stop":0.0019400517270842389,"railway=coaling_facility":0.21109614242117655,"railway=coaster":1.128259630890014,"railway=construction":625.90468021465,"railway=container_terminal":26.605989591079492,"railway=crane_rail":0.07314924700398953,"railway=crossing":0.04809948685590076,"railway=crossing_box":0.048318465862785924,"railway=crossover":5.413726100492262,"railway=depot":1.2756684176894006,"railway=dismantled":259.01015703907655,"railway=disused":4874.758538567825,"railway=disused;rail":0.11403262035986815,"railway=disused_station":0.11649120436704591,"railway=e":0.14705424823844457,"railway=electronic":0.11770577769033844,"railway=emergency_access_point":0.08306241737325577,"railway=engine_house":2.416519462997538,"railway=engine_shed":9.395786452737461,"railway=erazed":0.0897616256741223,"railway=freight_yard":4.08614229260668,"railway=fuel":1.3413176850963169,"railway=funicular":13.458321482128696,"railway=goods":0.006951573339902644,"railway=grazed":0.12732827689369516,"railway=halt":24.13007858551849,"railway=historic":74.58260850008536,"railway=hump_yard":0.4294398987895717,"railway=interlocking_tower":0.26636603146633187,"railway=junction":32.43586217080066,"railway=level_crossing":1.4199402547658548,"railway=light_rail":1716.511456295594,"railway=loading_ramp":11.286469902472044,"railway=miniature":45.75208912226321,"railway=miniature_facility":0.06859238965951749,"railway=monorail":118.12435706548135,"railway=museum":5.429765351111005,"railway=narrow_gauge":964.3432598403782,"railway=no":2.943286683101174,"railway=pedestrian":0.03979480879157538,"railway=phone":0.0068439689349936335,"railway=pit":0.0833728528396407,"railway=planned":6.064844421878288,"railway=platform":2895.6895779506845,"railway=platform_area":0.01857609380036248,"railway=platform_edge":33.06101901174774,"railway=preserved":1398.0397386569693,"railway=preserved;narrow_gauge":0.001272524947867112,"railway=proposed":599.6719889555862,"railway=rail":80814.1739849427,"railway=rail and maxspeed=*":24013.740346041388,"railway=rased":0.37200856031306984,"railway=razad":5.173613307340421,"railway=razed":1806.0826574533162,"railway=razed ":0.2247052206247559,"railway=razed_subway":0.2537449044471845,"railway=razzed":0.3993028282128756,"railway=roundhouse":39.42193860894993,"railway=service_station":37.31666374302248,"railway=signa_box":0.04645313331163121,"railway=signal":0.2636050282481677,"railway=signal_box":37.20419048315713,"railway=signal_bridge":0.11034706278423455,"railway=spur_junction":2.9765946014439426,"railway=station":73.77111416248883,"railway=station_area":82.85867511066051,"railway=station_building":0.5920879707284337,"railway=subway":1093.7603970343107,"railway=subway_entrance":2.205302353506414,"railway=switch":0.21402519616574922,"railway=switch_box":0.09807607284944277,"railway=terminal":0.13424679159705905,"railway=tourism":0.05671844111617573,"railway=track_diagram":0.08804233258862403,"railway=train_depot":0.46500074004706315,"railway=train_station":0.2455405116851105,"railway=tram":5050.943925324876,"railway=tram; disused":0.0779709843192105,"railway=tram_station":0.11219077107452521,"railway=tram_stop":7.428070566076088,"railway=transfer table":0.15028014418743008,"railway=traverser":6.441388496636466,"railway=trolley_rails":1.0511627480132835,"railway=turntable":19.79031302890419,"railway=uncompleted":6.98736134928566,"railway=unknown":0.4447148383178748,"railway=wash":2.6285329522998095,"railway=water_tower":0.21004997477468923,"railway=workshop":7.37888566939554,"railway=yard":42.322045374012504,"railway=yes":18.368757531283986},"Counts":{"railway:signal:combined":1655,"railway:signal:distant":4087,"railway:signal:main":5622,"railway:signal:speed_limit":5639,"railway:signal:speed_limit_distant":1974,"railway=halt":4316,"railway=milestone":14553,"railway=signal":21667,"railway=station":5005}}
