{"FileName":"2015-10-railway.pbf","Lengths":{"railway=Lastenaufzug":0.08928243379717733,"railway=Ortsstellbereich":7.9189605163574095,"railway=RAZED":0.05668927801712865,"railway=Wendeanlage":0.3899394725835965,"railway=abandoned":13399.038739404266,"railway=abandoned; historic":0.7506494481810401,"railway=abandoned_tram":1.1544567459797468,"railway=blockpost":0.04992548078008696,"railway=branch":0.024547494858106818,"railway=buffer_stop":0.0019400517270842389,"railway=coaling_facility":0.21109614242117655,"railway=coaster":0.31776425342154446,"railway=construction":708.3509453193456,"railway=container_terminal":26.100977232397078,"railway=crane_rail":0.07314924700398953,"railway=crossing":0.03138340065823735,"railway=crossing_box":0.11068245066269161,"railway=crossover":5.413726100492262,"railway=depot":1.2746669278236964,"railway=dismantled":249.9554452603942,"railway=disused":5075.370925750737,"railway=disused;rail":0.11403262035986815,"railway=disused_station":0.11649120436704591,"railway=e":0.14705424823844457,"railway=emergency_access_point":0.08306241737325577,"railway=engine_house":2.416519462997538,"railway=engine_shed":14.03878866688564,"railway=erazed":0.0897616256741223,"railway=ferry":18.8975916671345,"railway=freight_yard":4.08614229260668,"railway=fuel":1.787202964911323,"railway=funicular":13.451620128595414,"railway=goods":0.006951573339902644,"railway=grade3":0.4371165027290289,"railway=grazed":0.12732827689369516,"railway=halt":20.585481076452677,"railway=historic":72.90176995286213,"railway=hump_yard":0.4294398987895717,"railway=interlocking_tower":0.2663660314663319,"railway=junction":32.437388098852225,"railway=level_crossing":1.3951108361238143,"railway=light_rail":1707.0270619156313,"railway=loading_ramp":13.229441409819017,"railway=miniature":44.16728529787397,"railway=miniature_facility":0.06859238965951749,"railway=monorail":122.37333046650748,"railway=museum":5.43316588291723,"railway=narrow_gauge":992.7857860393274,"railway=no":3.5158221798601637,"railway=pedestrian":0.03979480879157538,"railway=phone":0.0068439689349936335,"railway=pit":0.0833728528396407,"railway=planned":2.1866531014565447,"railway=platform":2969.6794310194773,"railway=platform_area":0.01857609380036248,"railway=platform_edge":45.232058150115414,"railway=preserved":1225.8488465076364,"railway=preserved;narrow_gauge":0.001272524947867112,"railway=proposed":623.8158928637238,"railway=rail":81183.20292025925,"railway=rail and maxspeed=*":26113.735860469445,"railway=raized":0.02773340063372997,"railway=razed":2061.4573567586426,"railway=razed_subway":0.2537449044471845,"railway=razzed":0.06618620160510336,"railway=rezed":0.18539560543078062,"railway=roundhouse":39.19399373540019,"railway=service_station":37.3164202354701,"railway=signa_box":0.04645313331163121,"railway=signal":0.024091686612076054,"railway=signal_box":46.47547167792261,"railway=signal_bridge":0.11034706278423455,"railway=spur":0.0678387375214759,"railway=spur_junction":3.9126497268969853,"railway=station":47.32083711609454,"railway=station_area":80.91616138392597,"railway=station_building":0.5920879707284334,"railway=stop":0.3774472999439367,"railway=subway":1104.0514683218626,"railway=subway_entrance":2.205301968128967,"railway=switch_box":0.1658768153145238,"railway=terminal":0.13424679159705905,"railway=tourism":0.05671844111617573,"railway=track_diagram":0.08804233258862403,"railway=train_depot":0.46500074004706315,"railway=train_repair":1.682824339451313,"railway=train_station":0.2455405116851105,"railway=tram":5110.7739973947,"railway=tram_station":0.11219077107452521,"railway=tram_stop":6.670444141972397,"railway=transfer table":0.15028014418743008,"railway=traverser":7.0784321407280855,"railway=trolley_rails":1.0511627480132835,"railway=turntable":20.04994362409355,"railway=uncompleted":6.98736134928566,"railway=unknown":0.4447148383178748,"railway=wash":3.14032477531217,"railway=water_tower":0.2689518404681824,"railway=workshop":10.07531580118916,"railway=yard":45.63564746320457,"railway=yes":11.483601197350483},"Counts":{"railway:signal:combined":2575,"railway:signal:distant":6269,"railway:signal:main":8046,"railway:signal:speed_limit":7515,"railway:signal:speed_limit_distant":2990,"railway=halt":4074,"railway=milestone":18219,"railway=signal":30979,"railway=station":4870}}
