{"FileName":"2015-07-railway.pbf","Lengths":{"railway=Lastenaufzug":0.08928243379717733,"railway=Ortsstellbereich":6.285183650118028,"railway=RAZED":0.05668927801712865,"railway=Wendeanlage":0.3899394725835965,"railway=abandoned":13114.770442431289,"railway=abandoned; historic":0.7506494481810401,"railway=abandoned_and_removed":0.4440462178443041,"railway=abandoned_tram":1.154982444726354,"railway=abandoned|dismantled":14.90707910684159,"railway=blockpost":0.026908686170000168,"railway=branch":0.024547494858106818,"railway=buffer_stop":0.0019400517270842389,"railway=coaling_facility":0.21109614242117655,"railway=coaster":0.31776425342154446,"railway=construction":643.0455699461486,"railway=container_terminal":26.63989135002194,"railway=crane_rail":0.07314924700398953,"railway=crossing":0.010336300457247852,"railway=crossing_box":0.048318465862785924,"railway=crossover":5.413726100492262,"railway=depot":1.2756684176894006,"railway=dismantled":257.97749817379287,"railway=disused":5034.443304682923,"railway=disused;rail":0.11403262035986815,"railway=disused_station":0.11649120436704591,"railway=e":0.14705424823844457,"railway=electronic":0.11770577769033844,"railway=emergency_access_point":0.08306241737325577,"railway=engine_house":2.416519462997538,"railway=engine_shed":10.600340608635443,"railway=erazed":0.0897616256741223,"railway=freight_yard":4.08614229260668,"railway=fuel":1.4491176428702577,"railway=funicular":13.456984185078475,"railway=goods":0.006951573339902644,"railway=grade3":0.4371165027290289,"railway=grazed":0.12732827689369516,"railway=halt":21.372660165965666,"railway=historic":72.31123815544724,"railway=hump_yard":0.4294398987895717,"railway=interlocking_tower":0.26636603146633187,"railway=junction":32.43586217080067,"railway=level_crossing":1.4108286950588278,"railway=light_rail":1707.3460532830009,"railway=loading_ramp":11.725711466245269,"railway=miniature":45.93964739695627,"railway=miniature_facility":0.06859238965951749,"railway=monorail":119.40353363302624,"railway=museum":5.433164728895719,"railway=narrow_gauge":989.8017491933643,"railway=no":3.3541359238220045,"railway=pedestrian":0.03979480879157538,"railway=phone":0.0068439689349936335,"railway=pit":0.0833728528396407,"railway=planned":1.1227105081099429,"railway=platform":2931.0351282539236,"railway=platform_area":0.01857609380036248,"railway=platform_edge":34.2061786011872,"railway=preserved":1331.5588677476592,"railway=preserved;narrow_gauge":0.001272524947867112,"railway=proposed":605.5045839521663,"railway=rail":80952.08117382953,"railway=rail and maxspeed=*":24576.186204281417,"railway=razad":0.3008095431767502,"railway=razed":1913.3139403466823,"railway=razed ":0.2247052206247559,"railway=razed_subway":0.2537449044471845,"railway=razzed":0.3993028282128756,"railway=roundhouse":39.41179447901043,"railway=service_station":37.31666374302248,"railway=signa_box":0.04645313331163121,"railway=signal":0.024091686612076054,"railway=signal_box":41.20336323972136,"railway=signal_bridge":0.11034706278423455,"railway=spur_junction":5.876053076995697,"railway=station":63.257770922760784,"railway=station_area":78.58685514440762,"railway=station_building":0.5920879707284337,"railway=stop":0.3774472999439367,"railway=subway":1100.7701444330794,"railway=subway_entrance":2.2053019681289676,"railway=switch":0.06878994573553303,"railway=switch_box":0.09807607284944277,"railway=terminal":0.13424679159705905,"railway=tourism":0.05671844111617573,"railway=track_diagram":0.08804233258862403,"railway=train_depot":0.46500074004706315,"railway=train_station":0.2455405116851105,"railway=tram":5089.112107055796,"railway=tram_station":0.11219077107452521,"railway=tram_stop":6.336545946179344,"railway=transfer table":0.15028014418743008,"railway=traverser":6.441388496636466,"railway=trolley_rails":1.0511627480132835,"railway=turntable":19.725830775030435,"railway=uncompleted":6.98736134928566,"railway=unknown":0.4447148383178748,"railway=wash":2.6285329522998095,"railway=water_tower":0.21004997477468923,"railway=workshop":7.460637672428589,"railway=yard":45.635474057250605,"railway=yes":13.059616139439386},"Counts":{"railway:signal:combined":2037,"railway:signal:distant":5024,"railway:signal:main":6819,"railway:signal:speed_limit":6459,"railway:signal:speed_limit_distant":2369,"railway=halt":4266,"railway=milestone":16070,"railway=signal":25819,"railway=station":4988}}
