{"FileName":"2015-06-railway.pbf","Lengths":{"railway=Lastenaufzug":0.08928243379717733,"railway=RAZED":0.05668927801712865,"railway=Wendeanlage":0.3899394725835965,"railway=abandoned":13073.048246891265,"railway=abandoned; historic":0.7506494481810401,"railway=abandoned_and_removed":0.4440462178443041,"railway=abandoned_tram":1.154982444726354,"railway=abandoned|dismantled":14.90707910684159,"railway=blockpost":0.026908686170000168,"railway=branch":0.024547494858106818,"railway=buffer_stop":0.0019400517270842389,"railway=coaling_facility":0.21109614242117655,"railway=coaster":1.1282596308900141,"railway=construction":639.2415965223128,"railway=container_terminal":26.60599904571091,"railway=crane_rail":0.07314924700398953,"railway=crossing":0.010336300457247852,"railway=crossing_box":0.048318465862785924,"railway=crossover":5.413726100492262,"railway=depot":1.2756684176894006,"railway=dismantled":254.41411481964857,"railway=disused":5044.874618244443,"railway=disused;rail":0.11403262035986815,"railway=disused_station":0.11649120436704591,"railway=e":0.14705424823844457,"railway=electronic":0.11770577769033844,"railway=emergency_access_point":0.08306241737325577,"railway=engine_house":2.4165194629975373,"railway=engine_shed":10.1354645280001,"railway=erazed":0.0897616256741223,"railway=freight_yard":4.08614229260668,"railway=fuel":1.341317685096316,"railway=funicular":13.456984185078477,"railway=goods":0.006951573339902644,"railway=grazed":0.12732827689369516,"railway=halt":24.099135025921203,"railway=historic":74.56062298068741,"railway=hump_yard":0.4294398987895717,"railway=interlocking_tower":0.26636603146633187,"railway=junction":32.435862170800654,"railway=level_crossing":1.4199258904097276,"railway=light_rail":1713.0172670148925,"railway=loading_ramp":11.608339936712557,"railway=miniature":45.77437358202528,"railway=miniature_facility":0.06859238965951749,"railway=monorail":118.83901996399732,"railway=museum":5.429765351111003,"railway=narrow_gauge":965.2666317440252,"railway=no":2.891421400950037,"railway=pedestrian":0.03979480879157538,"railway=phone":0.0068439689349936335,"railway=pit":0.0833728528396407,"railway=planned":1.1227105081099429,"railway=platform":2931.5533939832153,"railway=platform_area":0.01857609380036248,"railway=platform_edge":33.69993506198841,"railway=preserved":1378.2417085880693,"railway=preserved;narrow_gauge":0.001272524947867112,"railway=proposed":603.2353010084611,"railway=rail":80826.06650723354,"railway=rail and maxspeed=*":24158.250530854333,"railway=razad":5.173613307340421,"railway=razed":1864.0942763924982,"railway=razed ":0.2247052206247559,"railway=razed_subway":0.2537449044471845,"railway=razzed":0.3993028282128756,"railway=roundhouse":39.421940893679725,"railway=service_station":37.31666374302248,"railway=signa_box":0.04645313331163121,"railway=signal":0.22419209851504374,"railway=signal_box":39.24524456330324,"railway=signal_bridge":0.11034706278423455,"railway=spur_junction":2.9765946014439426,"railway=station":67.20430011890382,"railway=station_area":78.55998954215708,"railway=station_building":0.5920879707284337,"railway=subway":1099.8796188937363,"railway=subway_entrance":2.205302353506415,"railway=switch":0.06878994573553303,"railway=switch_box":0.09807607284944277,"railway=terminal":0.13424679159705905,"railway=tourism":0.05671844111617573,"railway=track_diagram":0.08804233258862403,"railway=train_depot":0.46500074004706315,"railway=train_station":0.2455405116851105,"railway=tram":5084.18924953858,"railway=tram; disused":0.0779709843192105,"railway=tram_station":0.11219077107452521,"railway=tram_stop":6.3365850171681375,"railway=transfer table":0.15028014418743008,"railway=traverser":6.441388496636465,"railway=trolley_rails":1.0511627480132835,"railway=turntable":19.72549622840298,"railway=uncompleted":6.98736134928566,"railway=unknown":0.4447148383178748,"railway=wash":2.6285329522998087,"railway=water_tower":0.21004997477468923,"railway=workshop":7.460637672428588,"railway=yard":40.94743945090163,"railway=yes":15.794383245090733},"Counts":{"railway:signal:combined":1824,"railway:signal:distant":4478,"railway:signal:main":6235,"railway:signal:speed_limit":5977,"railway:signal:speed_limit_distant":2119,"railway=halt":4285,"railway=milestone":15174,"railway=signal":23569,"railway=station":4966}}
