{"FileName":"2015-09-railway.pbf","Lengths":{"railway=Lastenaufzug":0.08928243379717733,"railway=Ortsstellbereich":7.918960516357414,"railway=RAZED":0.05668927801712865,"railway=Wendeanlage":0.3899394725835965,"railway=abandoned":13311.317803886832,"railway=abandoned; historic":0.7506494481810401,"railway=abandoned_and_removed":0.4440462178443041,"railway=abandoned_tram":1.1544567459797468,"railway=abandoned|dismantled":14.90708146534512,"railway=blockpost":0.04992548078008696,"railway=branch":0.024547494858106818,"railway=buffer_stop":0.0019400517270842389,"railway=coaling_facility":0.21109614242117655,"railway=coaster":0.31776425342154446,"railway=construction":652.7046155075092,"railway=container_terminal":26.123713314806764,"railway=crane_rail":0.07314924700398953,"railway=crossing":0.010336300457247852,"railway=crossing_box":0.0831335203437944,"railway=crossover":5.413726100492262,"railway=depot":1.2746669278236964,"railway=dismantled":250.81996076934,"railway=disused":5062.53910020762,"railway=disused;rail":0.11403262035986815,"railway=disused_station":0.11649120436704591,"railway=e":0.14705424823844457,"railway=emergency_access_point":0.08306241737325577,"railway=engine_house":2.416519462997538,"railway=engine_shed":12.873421406356446,"railway=erazed":0.0897616256741223,"railway=freight_yard":4.08614229260668,"railway=fuel":1.78719848410496,"railway=funicular":13.456984185078479,"railway=goods":0.006951573339902644,"railway=grade3":0.4371165027290289,"railway=grazed":0.12732827689369516,"railway=halt":20.591547306779905,"railway=historic":72.90177585544959,"railway=hump_yard":0.4294398987895717,"railway=interlocking_tower":0.26636603146633187,"railway=junction":32.43671233286919,"railway=level_crossing":1.395110836123814,"railway=light_rail":1704.6640141619466,"railway=loading_ramp":12.800682446370645,"railway=miniature":44.17733881959101,"railway=miniature_facility":0.06859238965951749,"railway=monorail":122.17932140456716,"railway=museum":5.43316588291723,"railway=narrow_gauge":982.3547404036884,"railway=no":3.4734607682351886,"railway=pedestrian":0.03979480879157538,"railway=phone":0.0068439689349936335,"railway=pit":0.0833728528396407,"railway=planned":2.1866531014565447,"railway=platform":2956.025041277571,"railway=platform_area":0.01857609380036248,"railway=platform_edge":41.19612609579788,"railway=preserved":1273.1082317847267,"railway=preserved;narrow_gauge":0.001272524947867112,"railway=proposed":597.3308084642869,"railway=rail":81151.2255970367,"railway=rail and maxspeed=*":25633.344541258903,"railway=raized":0.02773340063372997,"railway=razad":0.3008095431767502,"railway=razed":2035.4521734960933,"railway=razed_subway":0.2537449044471845,"railway=razzed":0.06618620160510336,"railway=roundhouse":38.46668066086635,"railway=service_station":37.31642023547008,"railway=signa_box":0.04645313331163121,"railway=signal":0.024091686612076054,"railway=signal_box":45.09571225614262,"railway=signal_bridge":0.11034706278423455,"railway=spur":0.0678387375214759,"railway=spur_junction":3.9126497268969853,"railway=station":42.51428740580162,"railway=station_area":80.92277693643238,"railway=station_building":0.5920879707284337,"railway=stop":0.3774472999439367,"railway=subway":1102.2411424485472,"railway=subway_entrance":2.2053019681289676,"railway=switch_box":0.09807607284944277,"railway=terminal":0.13424679159705905,"railway=tourism":0.05671844111617573,"railway=track_diagram":0.08804233258862403,"railway=train_depot":0.46500074004706315,"railway=train_station":0.2455405116851105,"railway=tram":5099.215326514689,"railway=tram_station":0.11219077107452521,"railway=tram_stop":6.336545946179341,"railway=transfer table":0.15028014418743008,"railway=traverser":6.944585282250615,"railway=trolley_rails":1.0511627480132835,"railway=turntable":19.944380792614904,"railway=uncompleted":6.98736134928566,"railway=unknown":0.4447148383178748,"railway=wash":3.001623129153322,"railway=water_tower":0.2313650526251698,"railway=workshop":9.764929980255346,"railway=yard":45.63547405725058,"railway=yes":12.59719165318584},"Counts":{"railway:signal:combined":2340,"railway:signal:distant":5980,"railway:signal:main":7794,"railway:signal:speed_limit":7220,"railway:signal:speed_limit_distant":2841,"railway=halt":4094,"railway=milestone":17780,"railway=signal":29707,"railway=station":4929}}
