{"FileName":"2015-02-railway.pbf","Lengths":{"railway=Betriebshof":1.8317344582121753,"railway=Lastenaufzug":0.08928243379717733,"railway=RAZED":0.05668927801712865,"railway=Stellwerk":0.05303378599319601,"railway=Wendeanlage":0.3899394725835965,"railway=abandoned":12761.836107040035,"railway=abandoned_and_removed":0.4440462178443041,"railway=abandoned_tram":1.1549824447263541,"railway=abandoned|dismantled":14.907079106841593,"railway=abendoned":0.06872801604513329,"railway=branch":0.024547494858106818,"railway=buffer_stop":0.0019400517270842389,"railway=coaling_facility":0.2110961424211765,"railway=coaster":1.1282596308900141,"railway=construction":535.1703175091928,"railway=container_terminal":26.605989591079496,"railway=crane_rail":0.07314924700398953,"railway=crossing":0.04809948685590076,"railway=crossing_box":0.048318465862785924,"railway=crossover":5.413726100492262,"railway=depot":1.2756684176894006,"railway=dismantled":313.7528105823081,"railway=disused":4738.569938640689,"railway=disused_station":0.11649120436704591,"railway=electronic":0.11770577769033844,"railway=engine_house":2.416519462997537,"railway=engine_shed":8.799594962863566,"railway=erazed":0.0897616256741223,"railway=freight_yard":4.0854646655022435,"railway=fuel":1.3413176850963162,"railway=funicular":13.461708187502824,"railway=goods":0.006951573339902644,"railway=grazed":0.12732827689369516,"railway=halt":27.653283262183198,"railway=historic":75.18411836068309,"railway=hump_yard":0.4294398987895717,"railway=interlocking_tower":0.26636603146633187,"railway=junction":32.43586217080069,"railway=level_crossing":1.4359654038920941,"railway=light_rail":1689.7140919340052,"railway=loading_ramp":9.54888803512553,"railway=miniature":50.064106225213436,"railway=miniature_facility":0.06859238965951749,"railway=monorail":115.5066508015356,"railway=museum":5.434906632795049,"railway=narrow_gauge":937.4850115748635,"railway=no":3.078826380262034,"railway=pedestrian":0.03979480879157538,"railway=phone":0.0068439689349936335,"railway=pit":0.0833728528396407,"railway=planed":4.942133913768344,"railway=planned":2.113192795302863,"railway=platform":2763.5278181299727,"railway=platform_area":0.01857609380036248,"railway=platform_edge":16.594475898141905,"railway=preserved":1457.7643894546163,"railway=preserved;narrow_gauge":0.001272524947867112,"railway=proposed":563.3846528894237,"railway=rail":80684.16119173645,"railway=rail and maxspeed=*":22895.858348915513,"railway=razed":1680.5011459263621,"railway=razerd":0.05964680628748136,"railway=razzed":0.3993028282128756,"railway=roundhouse":38.97922844989871,"railway=service_station":37.31733406817174,"railway=signa_box":0.04645313331163121,"railway=signal":0.22419209851504374,"railway=signal_box":33.68287363369328,"railway=signal_bridge":0.11034706278423455,"railway=spur_junction":3.101155208647532,"railway=station":79.32750842484057,"railway=station_area":90.22281721450845,"railway=station_building":0.12112037918827152,"railway=subway":1122.4451131526457,"railway=subway_entrance":1.9884217329223648,"railway=switch":0.21402519616574922,"railway=switch_box":0.1258796220276769,"railway=terminal":0.13424679159705905,"railway=tourism":0.05671844111617573,"railway=track_diagram":0.08804233258862403,"railway=train_depot":0.46500074004706315,"railway=train_station":0.25237176686593826,"railway=tram":4996.52197947854,"railway=tram; disused":0.0779709843192105,"railway=tram_station":0.11219077107452521,"railway=tram_stop":7.2793901154124105,"railway=transfer table":0.15028014418743008,"railway=traverser":6.441388496636466,"railway=trolley_rails":1.0511627480132835,"railway=turntable":19.881888363846354,"railway=uncompleted":7.853797953172323,"railway=unknown":0.4447148383178748,"railway=wash":2.6285329522998087,"railway=water_tower":0.1883476812877519,"railway=workshop":6.378123040471963,"railway=yard":42.32295118876702,"railway=yes":15.772906369112725},"Counts":{"railway:signal:combined":1198,"railway:signal:distant":3418,"railway:signal:main":4959,"railway:signal:speed_limit":4890,"railway:signal:speed_limit_distant":1679,"railway=halt":4299,"railway=milestone":11960,"railway=signal":18315,"railway=station":5074}}
