{"FileName":"2015-12-railway.pbf","Lengths":{"railway=2":0.10325365607124982,"railway=Lastenaufzug":0.08928243379717733,"railway=Ortsstellbereich":13.870511892630578,"railway=RAZED":0.05668927801712865,"railway=Wendeanlage":0.3899394725835965,"railway=abandoned":13498.603532618197,"railway=abandoned; historic":0.7506494481810401,"railway=abandoned_tram":1.1544567459797468,"railway=blockpost":0.09029796546330993,"railway=branch":0.024547494858106818,"railway=buffer_stop":0.0019400517270842389,"railway=coaling_facility":0.21109614242117655,"railway=coaster":0.31776425342154446,"railway=construction":700.269410154114,"railway=container_terminal":26.10087215179489,"railway=crane_rail":0.07314924700398953,"railway=crossing":0.06344456048151752,"railway=crossing_box":0.17414121298938084,"railway=crossover":5.413726100492262,"railway=depot":1.2746669278236964,"railway=dismantled":245.34546581670884,"railway=disused":5131.926148189616,"railway=disused;rail":0.11403262035986815,"railway=disused_station":0.11649120436704591,"railway=e":0.14705424823844457,"railway=emergency_access_point":0.08306241737325577,"railway=engine_house":2.4165194629975373,"railway=engine_shed":15.023135861809044,"railway=erazed":0.0897616256741223,"railway=ferry":18.8975916671345,"railway=freight_yard":4.08614229260668,"railway=fuel":2.005644105673342,"railway=funicular":13.725711759627432,"railway=goods":0.006951573339902644,"railway=grade3":0.4371165027290289,"railway=halt":20.55831789443665,"railway=historic":72.29482073357218,"railway=hump_yard":0.4294398987895717,"railway=interlocking_tower":0.26636603146633187,"railway=junction":32.43738809885222,"railway=level_crossing":0.8046939439969928,"railway=light_rail":1709.4045887440961,"railway=loading_ramp":14.190794783207478,"railway=miniature":46.973922644146626,"railway=miniature_facility":0.06859238965951749,"railway=monorail":122.41853942830781,"railway=museum":5.500308854537545,"railway=narrow_gauge":1000.8197793049068,"railway=no":3.0767847762693656,"railway=pedestrian":0.03979480879157538,"railway=phone":0.0068439689349936335,"railway=pit":0.0833728528396407,"railway=planned":2.1866531014565447,"railway=platform":3014.616232865429,"railway=platform_area":0.01857609380036248,"railway=platform_edge":49.542814069301215,"railway=preserved":1221.6130216955235,"railway=preserved;narrow_gauge":0.001272524947867112,"railway=proposed":631.1995243543578,"railway=public_transport":0.09918722859000643,"railway=rail":81323.60239509419,"railway=rail and maxspeed=*":26513.253719649485,"railway=raized":0.02773340063372997,"railway=razed":2148.7527737754076,"railway=razed_subway":0.2537449044471845,"railway=razzed":0.06618620160510336,"railway=rezed":0.18539560543078062,"railway=roundhouse":39.19723408608111,"railway=service_station":37.31642023547011,"railway=signa_box":0.04645313331163121,"railway=signal":0.024091686612076054,"railway=signal_box":48.74828900390784,"railway=signal_bridge":0.11034706278423455,"railway=spur":0.0678387375214759,"railway=spur_junction":3.9126497268969853,"railway=station":46.42366552337101,"railway=station_area":78.8608703463307,"railway=station_building":0.5920419913119394,"railway=stop":0.6478496307554105,"railway=subway":1124.4610196744266,"railway=subway_entrance":2.2053019681289676,"railway=switch_box":0.1658768153145238,"railway=terminal":0.13424679159705905,"railway=tourism":0.05671844111617573,"railway=track_diagram":0.08804233258862403,"railway=train_depot":0.46500074004706315,"railway=train_repair":1.682824339451313,"railway=train_station":0.2455405116851105,"railway=tram":5130.14466460181,"railway=tram_station":0.11219077107452521,"railway=tram_stop":6.8020626768096575,"railway=transfer table":0.1502914914843715,"railway=traverser":7.190410059016963,"railway=trolley_rails":1.0511627480132835,"railway=turntable":20.284161224411957,"railway=uncompleted":6.98736134928566,"railway=unknown":0.4447148383178748,"railway=wash":4.100472165458031,"railway=water_tower":0.2943343942158763,"railway=workshop":10.198329843097367,"railway=yard":45.63522609932694,"railway=yes":17.159807058707862},"Counts":{"railway:signal:combined":2775,"railway:signal:distant":7155,"railway:signal:main":8910,"railway:signal:speed_limit":8236,"railway:signal:speed_limit_distant":3447,"railway=halt":4111,"railway=milestone":19804,"railway=signal":34298,"railway=station":4816}}
