{"FileName":"2015-01-railway.pbf","Lengths":{"railway=Betriebshof":1.8317344582121753,"railway=Lastenaufzug":0.08928243379717733,"railway=RAZED":0.05668927801712865,"railway=Stellwerk":0.05303378599319601,"railway=Wendeanlage":0.3899394725835965,"railway=abandoned":12722.956415458939,"railway=abandoned_and_removed":0.4440462178443041,"railway=abandoned_tram":1.1549824447263541,"railway=abandoned|dismantled":14.90707910684159,"railway=branch":0.024547494858106818,"railway=buffer_stop":0.0019400517270842389,"railway=coaling_facility":0.21109614242117655,"railway=coaster":1.128259630890014,"railway=construction":532.5608383275074,"railway=container_terminal":26.605989591079492,"railway=crane_rail":0.07314924700398953,"railway=crossing":0.04809948685590076,"railway=crossing_box":0.048318465862785924,"railway=crossover":5.413726100492262,"railway=depot":1.2756684176894006,"railway=dismantled":307.86211256144577,"railway=disused":4673.866816877199,"railway=disused_station":0.11649120436704591,"railway=electronic":0.11770577769033844,"railway=engine_house":2.416519462997538,"railway=engine_shed":8.451155696992071,"railway=erazed":0.0897616256741223,"railway=freight_yard":4.0854646655022435,"railway=fuel":1.341317685096316,"railway=funicular":13.464719270518458,"railway=goods":0.006951573339902644,"railway=halt":27.15372687579641,"railway=historic":41.45128547959641,"railway=hump_yard":0.4294398987895717,"railway=interlocking_tower":0.2663660314663319,"railway=junction":32.435862170800654,"railway=level_crossing":1.4359654038920944,"railway=light_rail":1688.0349632846428,"railway=loading_ramp":9.548888035125536,"railway=miniature":48.991776814550924,"railway=miniature_facility":0.06859238965951749,"railway=monorail":115.50395895061055,"railway=museum":5.434906632795048,"railway=narrow_gauge":934.9166868913734,"railway=no":3.1944918699441134,"railway=pedestrian":0.03979480879157538,"railway=phone":0.0068439689349936335,"railway=pit":0.0833728528396407,"railway=planned":2.113192795302863,"railway=platform":2750.543430507844,"railway=platform_edge":14.534580641094433,"railway=preserved":1452.113134835006,"railway=preserved;narrow_gauge":0.001272524947867112,"railway=proposed":539.9975104337899,"railway=rail":80666.32610820317,"railway=rail and maxspeed=*":22390.925983399677,"railway=razed":1556.7281134196767,"railway=razed\\":0.04167261627743591,"railway=razzed":0.3993028282128756,"railway=roundhouse":39.36328483519987,"railway=service_station":37.31733406817181,"railway=signa_box":0.04645313331163121,"railway=signal":0.22419209851504374,"railway=signal_box":32.70369907963064,"railway=signal_bridge":0.11034706278423455,"railway=spur_junction":3.101155208647533,"railway=station":79.49632502510939,"railway=station_area":90.22280507845363,"railway=station_building":0.12112037918827152,"railway=subway":1093.5623426489544,"railway=subway_entrance":1.9890284084114513,"railway=switch":0.21402519616574922,"railway=switch_box":0.1258796220276769,"railway=terminal":0.13424679159705905,"railway=tourism":0.05671844111617573,"railway=track_diagram":0.08804233258862403,"railway=train_depot":0.46500074004706315,"railway=train_station":0.25237176686593826,"railway=tram":4990.783269462931,"railway=tram; disused":0.0779709843192105,"railway=tram_station":0.11219077107452521,"railway=tram_stop":7.559031172957352,"railway=transfer table":0.15028014418743008,"railway=traverser":6.441388496636464,"railway=trolley_rails":1.0511521542280489,"railway=turntable":19.832187124001088,"railway=uncompleted":7.853797953172323,"railway=unknown":0.4447148383178748,"railway=wash":2.21457885055599,"railway=water_tower":0.18834768128775192,"railway=workshop":6.8914024991970555,"railway=yard":42.31410953135845,"railway=yes":12.576129240132447},"Counts":{"railway:signal:combined":1140,"railway:signal:distant":3291,"railway:signal:main":4798,"railway:signal:speed_limit":4754,"railway:signal:speed_limit_distant":1629,"railway=halt":4356,"railway=milestone":11531,"railway=signal":17720,"railway=station":5157}}
