{"FileName":"2015-04-railway.pbf","Lengths":{"railway=Betriebshof":1.8317344582121753,"railway=Lastenaufzug":0.08928243379717733,"railway=RAZED":0.05668927801712865,"railway=Stellwerk":0.05303378599319601,"railway=Wendeanlage":0.3899394725835965,"railway=abandoned":12982.999900055976,"railway=abandoned; historic":0.7506494481810401,"railway=abandoned_and_removed":0.4440462178443041,"railway=abandoned_tram":1.154982444726354,"railway=abandoned|dismantled":14.90707910684159,"railway=abendoned":0.06872801604513329,"railway=blockpost":0.026908686170000168,"railway=branch":0.024547494858106818,"railway=buffer_stop":0.0019400517270842389,"railway=coaling_facility":0.21109614242117655,"railway=coaster":1.1282596308900144,"railway=construction":550.292582164401,"railway=container_terminal":26.605989591079492,"railway=crane_rail":0.07314924700398953,"railway=crossing":0.04809948685590076,"railway=crossing_box":0.048318465862785924,"railway=crossover":5.413726100492262,"railway=depot":1.2756684176894006,"railway=dismantled":258.7053142731566,"railway=disused":4859.898002445603,"railway=disused;rail":0.11403262035986815,"railway=disused_station":0.11649120436704591,"railway=electronic":0.11770577769033844,"railway=emergency_access_point":0.08306241737325577,"railway=engine_house":2.416519462997538,"railway=engine_shed":9.59648903060691,"railway=erazed":0.0897616256741223,"railway=freight_yard":4.0906090290259085,"railway=fuel":1.3413176850963169,"railway=funicular":13.458321482128696,"railway=goods":0.006951573339902644,"railway=grazed":0.12732827689369516,"railway=halt":25.74990799724109,"railway=historic":74.7808150824328,"railway=hump_yard":0.4294398987895717,"railway=interlocking_tower":0.26636603146633187,"railway=junction":32.43586217080067,"railway=level_crossing":1.419940254765855,"railway=light_rail":1718.766308152216,"railway=loading_ramp":11.286469902472044,"railway=miniature":45.414958864259305,"railway=miniature_facility":0.06859238965951749,"railway=monorail":113.2221484132777,"railway=museum":5.434906632795051,"railway=narrow_gauge":954.9779025381874,"railway=no":2.943286683101174,"railway=pedestrian":0.03979480879157538,"railway=phone":0.0068439689349936335,"railway=pit":0.0833728528396407,"railway=planned":6.064844421878288,"railway=platform":2872.0100082812896,"railway=platform_area":0.01857609380036248,"railway=platform_edge":28.99915328528342,"railway=preserved":1397.4734637534314,"railway=preserved;narrow_gauge":0.001272524947867112,"railway=proposed":583.3535985255797,"railway=rail":80819.15007736899,"railway=rail and maxspeed=*":23590.325772781052,"railway=rased":0.37200856031306984,"railway=razed":1783.6548920592838,"railway=razerd":0.05964680628748136,"railway=razzed":0.3993028282128756,"railway=roundhouse":39.47631063492731,"railway=service_station":37.31666374302248,"railway=signa_box":0.04645313331163121,"railway=signal":0.2636050282481677,"railway=signal_box":36.34622169031268,"railway=signal_bridge":0.11034706278423455,"railway=spur_junction":2.9765946014439426,"railway=station":74.13229738659095,"railway=station_area":87.32625988940677,"railway=station_building":0.5920879707284337,"railway=subway":1086.429814855927,"railway=subway_entrance":2.205253215942054,"railway=switch":0.21402519616574922,"railway=switch_box":0.09807607284944277,"railway=terminal":0.13424679159705905,"railway=tourism":0.05671844111617573,"railway=track_diagram":0.08804233258862403,"railway=train_depot":0.46500074004706315,"railway=train_station":0.2456065349341842,"railway=tram":5041.171334700073,"railway=tram; disused":0.0779709843192105,"railway=tram_station":0.11219077107452521,"railway=tram_stop":7.152334764043487,"railway=transfer table":0.15028014418743008,"railway=traverser":6.441388496636465,"railway=trolley_rails":1.0511627480132835,"railway=turntable":19.814299344950452,"railway=uncompleted":7.853797953172323,"railway=unknown":0.4447148383178748,"railway=wash":2.628532952299809,"railway=water_tower":0.20985508051433394,"railway=workshop":6.698203439174097,"railway=yard":42.326406065519514,"railway=yes":18.368757531283975},"Counts":{"railway:signal:combined":1357,"railway:signal:distant":3834,"railway:signal:main":5463,"railway:signal:speed_limit":5352,"railway:signal:speed_limit_distant":1880,"railway=halt":4319,"railway=milestone":13640,"railway=signal":20381,"railway=station":5019}}
