{"FileName":"2015-03-railway.pbf","Lengths":{"railway=Betriebshof":1.8317344582121753,"railway=Lastenaufzug":0.08928243379717733,"railway=RAZED":0.05668927801712865,"railway=Stellwerk":0.05303378599319601,"railway=Wendeanlage":0.3899394725835965,"railway=abandoned":12849.833439834427,"railway=abandoned_and_removed":0.4440462178443041,"railway=abandoned_tram":1.1549824447263541,"railway=abandoned|dismantled":14.907079106841593,"railway=abendoned":0.06872801604513329,"railway=branch":0.024547494858106818,"railway=buffer_stop":0.0019400517270842389,"railway=coaling_facility":0.2110961424211765,"railway=coaster":1.1282596308900141,"railway=construction":543.2031566261792,"railway=container_terminal":26.605989591079492,"railway=crane_rail":0.07314924700398953,"railway=crossing":0.04809948685590076,"railway=crossing_box":0.048318465862785924,"railway=crossover":5.413726100492262,"railway=depot":1.2756684176894006,"railway=dismantled":253.50735361347594,"railway=disused":4794.795227533519,"railway=disused_station":0.11649120436704591,"railway=electronic":0.11770577769033844,"railway=engine_house":2.416519462997537,"railway=engine_shed":9.204739047525559,"railway=erazed":0.0897616256741223,"railway=freight_yard":4.0854646655022435,"railway=fuel":1.3413176850963169,"railway=funicular":13.461708187502822,"railway=goods":0.006951573339902644,"railway=grazed":0.12732827689369516,"railway=halt":26.024532499595093,"railway=historic":75.18393818644451,"railway=hump_yard":0.4294398987895717,"railway=interlocking_tower":0.26636603146633187,"railway=junction":32.43586217080066,"railway=level_crossing":1.4199402547658548,"railway=light_rail":1694.3449367961143,"railway=loading_ramp":11.083885717616413,"railway=miniature":50.750040985170166,"railway=miniature_facility":0.06859238965951749,"railway=monorail":115.66247086863346,"railway=museum":5.434906632795052,"railway=narrow_gauge":961.356504091513,"railway=no":2.943286683101174,"railway=pedestrian":0.03979480879157538,"railway=phone":0.0068439689349936335,"railway=pit":0.0833728528396407,"railway=planed":4.942133913768344,"railway=planned":1.1227105081099429,"railway=platform":2845.6896509852,"railway=platform_area":0.01857609380036248,"railway=platform_edge":20.79181891227154,"railway=preserved":1423.8982485856868,"railway=preserved;narrow_gauge":0.001272524947867112,"railway=proposed":570.6851032700717,"railway=rail":80759.75967107387,"railway=rail and maxspeed=*":23223.510548698694,"railway=rased":0.37200856031306984,"railway=razed":1781.4466768173081,"railway=razerd":0.05964680628748136,"railway=razzed":0.3993028282128756,"railway=roundhouse":39.00260123110242,"railway=service_station":37.31733406817178,"railway=signa_box":0.04645313331163121,"railway=signal":0.2636050282481677,"railway=signal_box":35.46044510603851,"railway=signal_bridge":0.11034706278423455,"railway=spur_junction":2.9765946014439426,"railway=station":78.00832745965316,"railway=station_area":87.27716111260732,"railway=station_building":0.5920879707284337,"railway=subway":1090.272158788547,"railway=subway_entrance":1.9884428255050048,"railway=switch":0.21402519616574922,"railway=switch_box":0.1258796220276769,"railway=terminal":0.13424679159705905,"railway=tourism":0.05671844111617573,"railway=track_diagram":0.08804233258862403,"railway=train_depot":0.46500074004706315,"railway=train_station":0.25237176686593826,"railway=tram":5039.7943744786235,"railway=tram; disused":0.0779709843192105,"railway=tram_station":0.11219077107452521,"railway=tram_stop":7.415592202512276,"railway=transfer table":0.15028014418743008,"railway=traverser":6.441388496636465,"railway=trolley_rails":1.0511627480132835,"railway=turntable":19.89116783132088,"railway=uncompleted":7.853797953172323,"railway=unknown":0.4447148383178748,"railway=wash":2.628532952299809,"railway=water_tower":0.20985508051433394,"railway=workshop":6.698203439174097,"railway=yard":42.322951188767036,"railway=yes":15.772906369112743},"Counts":{"railway:signal:combined":1259,"railway:signal:distant":3597,"railway:signal:main":5153,"railway:signal:speed_limit":5019,"railway:signal:speed_limit_distant":1736,"railway=halt":4350,"railway=milestone":12640,"railway=signal":19121,"railway=station":5026}}
