{"FileName":"2016-07-railway.pbf","Lengths":{"railway=2":0.10325365607124982,"railway=Hilshandlungstafel":0.012484740307788325,"railway=Lastenaufzug":0.08928243379717733,"railway=Ortsstellbereich":17.75463490312958,"railway=RAZED":0.05668927801712865,"railway=Wendeanlage":0.3899394725835965,"railway=abandoned":14698.888063398395,"railway=abandoned; historic":0.7506494481810401,"railway=abandoned;narrow_gauge":5.015670474558472,"railway=abandoned_tram":1.1543577191914887,"railway=blockpost":0.3673995147974989,"railway=branch":0.024547494858106818,"railway=buffer_stop":0.0936260548626266,"railway=coaling_facility":0.21109614242117655,"railway=construction":611.4452037289082,"railway=container_terminal":26.142186491787783,"railway=crane_rail":0.07314924700398953,"railway=crossing":0.06775446370210356,"railway=crossing_box":0.2788893469595553,"railway=crossover":5.407134211277655,"railway=depot":1.2746669278236964,"railway=dismantled":231.48345081701174,"railway=disused":5350.653565722174,"railway=disused:signal_box":0.04763924766974464,"railway=disused;rail":0.11403262035986815,"railway=disused_station":0.11649120436704591,"railway=e":0.14705424823844457,"railway=emergency_access_point":0.08306241737325577,"railway=engine_house":2.4179458417573043,"railway=engine_shed":15.980958764143146,"railway=erazed":0.0897616256741223,"railway=ferry":18.903747036117934,"railway=freight_yard":4.1993877183653145,"railway=fuel":2.475670876471714,"railway=funicular":13.773927326061031,"railway=goods":0.006951573339902644,"railway=grade3":0.4371165027290289,"railway=halt":18.001471490291596,"railway=historic":37.10581550037406,"railway=hump_yard":0.4294398987895717,"railway=interlocking_tower":0.2663660314663319,"railway=junction":30.049027791147132,"railway=level_crossing":0.4201790307240485,"railway=light_rail":2020.6891759902467,"railway=loading_ramp":17.019494060396934,"railway=miniature":46.80340437817484,"railway=miniature_facility":0.06859238965951749,"railway=monorail":62.2045066983759,"railway=museum":6.648180837235287,"railway=narrow_gauge":1060.990653548989,"railway=no":0.9581450388136485,"railway=pedestrian":0.039794799019160464,"railway=phone":0.0068439689349936335,"railway=pit":0.0833728528396407,"railway=planned":0.8585736020684251,"railway=platform":3143.1995636207553,"railway=platform_area":0.01857609380036248,"railway=platform_edge":62.3887923448432,"railway=preserved":1091.4992746349471,"railway=preserved;narrow_gauge":0.001272524947867112,"railway=proposed":746.4694510649172,"railway=public_transport":0.09918722859000643,"railway=rail":81638.47721285184,"railway=rail and maxspeed=*":29464.055540027373,"railway=rased":1.3614906096954582,"railway=razed":2907.178550992369,"railway=razed_subway":0.2537449044471845,"railway=removed":34.73213863166426,"railway=roundhouse":38.53134641086546,"railway=service_station":36.086034495927976,"railway=signal":0.49785027438522894,"railway=signal_box":57.38806106595286,"railway=signal_bridge":0.11034706278423455,"railway=site":0.039661088442050976,"railway=spur":0.17300616566805976,"railway=spur_junction":4.024697788165479,"railway=station":39.63080377281062,"railway=station_area":154.3045394390963,"railway=station_building":0.5006519257136915,"railway=stop":0.9037916919133671,"railway=subway":1126.114704335016,"railway=subway_entrance":1.577541479369193,"railway=subway_entry":0.03788527616549973,"railway=switch":0.05229809948841664,"railway=switch_box":0.19373869556374934,"railway=terminal":0.13424679159705905,"railway=tourism":0.05671844111617573,"railway=track_diagram":0.08804233258862403,"railway=train_depot":0.46500074004706315,"railway=train_repair":1.682824339451313,"railway=train_station":0.2455405116851105,"railway=tram":4898.543373691899,"railway=tram_station":0.11219077107452521,"railway=tram_stop":7.080247172646805,"railway=transfer table":0.1502914914843715,"railway=traverser":7.589196149849416,"railway=trolley_rails":1.0511627480132835,"railway=turntable":20.548272955992488,"railway=uncompleted":7.307879316218013,"railway=unknown":0.4447148383178748,"railway=wash":5.085300350875364,"railway=waste_disposal":0.008336071275185396,"railway=water_tower":0.36139289089341453,"railway=workshop":14.330967816937928,"railway=yard":30.456306113967237,"railway=yes":11.271615633456504},"Counts":{"railway:signal:combined":3790,"railway:signal:distant":9645,"railway:signal:main":11722,"railway:signal:speed_limit":10552,"railway:signal:speed_limit_distant":4593,"railway=halt":4021,"railway=milestone":25552,"railway=signal":44925,"railway=station":4675}}
