{"FileName":"2016-03-railway.pbf","Lengths":{"railway=2":0.10325365607124982,"railway=Hilshandlungstafel":0.012484740307788325,"railway=Lastenaufzug":0.08928243379717733,"railway=Ortsstellbereich":17.759528942019273,"railway=RAZED":0.05668927801712865,"railway=Wendeanlage":0.3899394725835965,"railway=abandoned":14023.2341689216,"railway=abandoned; historic":0.7506494481810401,"railway=abandoned_tram":1.1543577191914889,"railway=blockpost":0.37148132573886283,"railway=branch":0.024547494858106818,"railway=buffer_stop":0.0019400517270842389,"railway=coaling_facility":0.21109614242117655,"railway=coaster":0.31776425342154446,"railway=construction":711.0977201157242,"railway=container_terminal":26.13766820447556,"railway=crane_rail":0.07314924700398953,"railway=crossing":0.06344456048151752,"railway=crossing_box":0.25734881581200736,"railway=crossover":5.413726100492262,"railway=depot":1.2746669278236964,"railway=dismantled":248.1900530044261,"railway=disused":5158.864613943084,"railway=disused;rail":0.11403262035986815,"railway=disused_station":0.11649120436704591,"railway=e":0.14705424823844457,"railway=emergency_access_point":0.08306241737325577,"railway=engine_house":2.4179458417573043,"railway=engine_shed":15.386972993001853,"railway=erazed":0.0897616256741223,"railway=ferry":18.903747036117934,"railway=freight_yard":4.1993877183653145,"railway=fuel":2.4200589562253483,"railway=funicular":13.69387449039504,"railway=goods":0.006951573339902644,"railway=grade3":0.4371165027290289,"railway=halt":20.558159594369666,"railway=historic":72.26036907697355,"railway=hump_yard":0.4294398987895717,"railway=interlocking_tower":0.26636603146633187,"railway=junction":32.43738074201291,"railway=level_crossing":0.6316899167294003,"railway=light_rail":1730.3634566358394,"railway=loading_ramp":14.7772052445335,"railway=miniature":44.616915679859915,"railway=miniature_facility":0.06859238965951749,"railway=monorail":91.3205806128241,"railway=museum":6.077460723391757,"railway=narrow_gauge":1013.4332479695422,"railway=no":2.7310268816495493,"railway=pedestrian":0.03979480879157538,"railway=phone":0.0068439689349936335,"railway=pit":0.0833728528396407,"railway=planned":1.7832851353134018,"railway=platform":3107.2892089238503,"railway=platform_area":0.01857609380036248,"railway=platform_edge":58.49508697205757,"railway=preserved":1178.4000275119595,"railway=preserved;narrow_gauge":0.001272524947867112,"railway=proposed":650.8446638398866,"railway=public_transport":0.09918722859000643,"railway=rail":81506.64750323792,"railway=rail and maxspeed=*":28391.495054048668,"railway=railway":0.04034588787621038,"railway=raized":0.02773340063372997,"railway=razed":2413.239316577348,"railway=razed_subway":0.2537449044471845,"railway=razzed":0.06618620160510336,"railway=rezed":0.18539560543078062,"railway=roundhouse":39.197098380784276,"railway=service_station":38.317177001516505,"railway=signa_box":0.04645313331163121,"railway=signal":0.49785027438522894,"railway=signal_box":53.90554741744997,"railway=signal_bridge":0.11034706278423455,"railway=site":0.039661088442050976,"railway=spur":0.0678387375214759,"railway=spur_junction":3.9126497268969853,"railway=station":42.919298284146436,"railway=station_area":154.3039273954411,"railway=station_building":0.5920419913119392,"railway=stop":0.3774472999439367,"railway=subway":1148.400878619291,"railway=subway_entrance":1.8351495653147671,"railway=subway_entry":0.03788527616549973,"railway=switch":0.05229809948841664,"railway=switch_box":0.20439475129858964,"railway=terminal":0.13424679159705905,"railway=tourism":0.05671844111617573,"railway=track_diagram":0.08804233258862403,"railway=train_depot":0.46500074004706315,"railway=train_repair":1.682824339451313,"railway=train_station":0.2455405116851105,"railway=tram":5131.218650902093,"railway=tram_station":0.11219077107452521,"railway=tram_stop":6.876407103548907,"railway=transfer table":0.1502914914843715,"railway=traverser":7.673069011325481,"railway=trolley_rails":1.0511627480132835,"railway=turntable":20.377587316219536,"railway=uncompleted":7.307879316218013,"railway=unknown":0.4447148383178748,"railway=wash":4.523819720017529,"railway=water_tower":0.33076021548389684,"railway=workshop":12.406774478803763,"railway=yard":45.693752818897046,"railway=yes":13.04544253307754},"Counts":{"railway:signal:combined":3366,"railway:signal:distant":8635,"railway:signal:main":10573,"railway:signal:speed_limit":9564,"railway:signal:speed_limit_distant":4150,"railway=halt":4047,"railway=milestone":23134,"railway=signal":40146,"railway=station":4755}}
