{"FileName":"2016-10-railway.pbf","Lengths":{"railway=2":0.10325365607124982,"railway=Hilshandlungstafel":0.012484740307788325,"railway=Lastenaufzug":0.08928243379717733,"railway=Ortsstellbereich":29.824080044145777,"railway=Rangierbezirk":22.291216842546348,"railway=Wendeanlage":0.3899394725835965,"railway=abandoned":15056.29865972958,"railway=abandoned; historic":0.7506494481810401,"railway=abandoned_tram":1.1543508217842344,"railway=blockpost":0.3880056398898041,"railway=branch":0.024547494858106818,"railway=buffer_stop":0.0936260548626266,"railway=coaling_facility":0.21109614242117655,"railway=construction":701.1867490179455,"railway=constructionil":0.056022115461413155,"railway=container_terminal":32.12973838531715,"railway=crane":0.2466200495182492,"railway=crane_rail":0.07314924700398953,"railway=crossing":0.035693303878823385,"railway=crossing_box":0.2788893469595553,"railway=crossover":5.407134211277655,"railway=depot":1.2746669278236964,"railway=dismantled":218.4467648954432,"railway=disused":5422.10850220762,"railway=disused_station":0.11649120436704591,"railway=emergency_access_point":0.08306241737325577,"railway=engine_house":1.5071460011772007,"railway=engine_shed":16.75520333011183,"railway=ferry":18.903747036117934,"railway=freight_yard":4.202497126821626,"railway=fuel":2.73099901110164,"railway=funicular":13.778790921531636,"railway=goods":0.006951573339902644,"railway=halt":17.532840690552877,"railway=historic":36.92108238487122,"railway=hump_yard":0.4294398987895717,"railway=interlocking_tower":0.26636603146633187,"railway=junction":27.4508724763906,"railway=level_crossing":0.3994478569925735,"railway=light_rail":2040.2234902343284,"railway=loading_gauge":0.4051403368273439,"railway=loading_ramp":17.98603789972004,"railway=miniature":48.89927146157055,"railway=miniature_facility":0.06859238965951749,"railway=monorail":61.790156236161174,"railway=museum":6.648164098585406,"railway=narrow_gauge":1064.1936662588616,"railway=no":0.810690241155323,"railway=pedestrian":0.037248626410346534,"railway=phone":0.0068439689349936335,"railway=pit":0.0833728528396407,"railway=planned":0.8585736020684251,"railway=platform":3177.762522549064,"railway=platform_area":0.01857609380036248,"railway=platform_edge":68.48635277630324,"railway=preserved":1037.185286950614,"railway=preserved;narrow_gauge":0.001272524947867112,"railway=proposed":749.6230675053066,"railway=public_transport":0.09918722859000643,"railway=rail":81617.15242857298,"railway=rail and maxspeed=*":29786.7245404774,"railway=razed":3151.200116730036,"railway=razed_subway":0.2537449044471845,"railway=roundhouse":38.92012456114961,"railway=service_station":38.953472652521114,"railway=signal":0.49785027438522894,"railway=signal_box":59.001089968617556,"railway=signal_bridge":0.11034706278423455,"railway=site":0.039661088442050976,"railway=spur":0.17300616566805976,"railway=spur_junction":4.024697788165478,"railway=station":37.49989718170528,"railway=station_area":154.37662851127635,"railway=station_building":0.5006519257136913,"railway=stop":0.9037916919133671,"railway=subway":1270.0377926425465,"railway=subway_entrance":1.6025155208165345,"railway=subway_entry":0.03788527616549973,"railway=switch":0.05229809948841664,"railway=switch_box":0.19373869556374934,"railway=terminal":0.13424679159705905,"railway=tourism":0.05671844111617573,"railway=track_diagram":0.08804233258862403,"railway=track_scale":0.05028620313476029,"railway=train_depot":0.46500074004706315,"railway=train_repair":1.682824339451313,"railway=train_station":0.2455405116851105,"railway=tram":4848.991305933291,"railway=tram_station":0.11219077107452521,"railway=tram_stop":7.613718105882683,"railway=transfer table":0.1502914914843715,"railway=traverser":8.211356008814045,"railway=trolley_rails":1.0511627480132835,"railway=turntable":20.959994213106505,"railway=uncompleted":7.307879316218013,"railway=unknown":0.4447148383178748,"railway=wash":6.519258835015975,"railway=waste_disposal":0.008336071275185396,"railway=water_tower":0.4432391357807085,"railway=workshop":15.744468491177404,"railway=yard":30.45631187217043,"railway=yes":12.747587553312856},"Counts":{"railway:signal:combined":4020,"railway:signal:distant":10222,"railway:signal:main":12457,"railway:signal:speed_limit":11162,"railway:signal:speed_limit_distant":4982,"railway=halt":4031,"railway=milestone":27653,"railway=signal":48386,"railway=station":4657}}
