{"FileName":"2016-09-railway.pbf","Lengths":{"railway=2":0.10325365607124982,"railway=Hilshandlungstafel":0.012484740307788325,"railway=Lastenaufzug":0.08928243379717733,"railway=Ortsstellbereich":29.820635268744304,"railway=RAZED":0.05668927801712865,"railway=Rangierbezirk":22.291216842546348,"railway=Wendeanlage":0.3899394725835965,"railway=abandoned":15005.809313927652,"railway=abandoned; historic":0.7506494481810401,"railway=abandoned_tram":1.1543508217842344,"railway=blockpost":0.3880056398898041,"railway=branch":0.024547494858106818,"railway=buffer_stop":0.0936260548626266,"railway=coaling_facility":0.21109614242117655,"railway=construction":593.3633651545402,"railway=constructionil":0.056022115461413155,"railway=container_terminal":26.735751162665412,"railway=crane":0.2466200495182492,"railway=crane_rail":0.07314924700398953,"railway=crossing":0.035693303878823385,"railway=crossing_box":0.2788893469595553,"railway=crossover":5.407134211277655,"railway=depot":1.2746669278236964,"railway=dismantled":234.61515920044437,"railway=disused":5348.637564151541,"railway=disused:signal_box":0.04763924766974464,"railway=disused;rail":0.11403262035986815,"railway=disused_station":0.11649120436704591,"railway=e":0.14705424823844457,"railway=emergency_access_point":0.08306241737325577,"railway=engine_house":2.4179458417573043,"railway=engine_shed":16.5577619945714,"railway=erazed":0.0897616256741223,"railway=ferry":18.903747036117934,"railway=freight_yard":4.1993877183653145,"railway=fuel":2.73099901110164,"railway=funicular":13.778790921531636,"railway=goods":0.006951573339902644,"railway=grade3":0.4371165027290289,"railway=halt":17.532840690552877,"railway=historic":36.92108238487122,"railway=hump_yard":0.4294398987895717,"railway=interlocking_tower":0.26636603146633187,"railway=junction":27.450872476390607,"railway=level_crossing":0.44224624979217264,"railway=light_rail":2036.0262910499048,"railway=loading_gauge":0.4051403368273439,"railway=loading_ramp":17.989488885929177,"railway=miniature":47.885061725017486,"railway=miniature_facility":0.06859238965951749,"railway=monorail":61.996427418248715,"railway=museum":6.648164098585406,"railway=narrow_gauge":1063.1960919554729,"railway=no":1.1945665557750602,"railway=pedestrian":0.037248626410346534,"railway=phone":0.0068439689349936335,"railway=pit":0.0833728528396407,"railway=planned":0.8585736020684251,"railway=platform":3169.751384735861,"railway=platform_area":0.01857609380036248,"railway=platform_edge":68.54611971639936,"railway=preserved":1041.5712898030297,"railway=preserved;narrow_gauge":0.001272524947867112,"railway=proposed":741.896735509566,"railway=public_transport":0.09918722859000643,"railway=rail":81765.14650404266,"railway=rail and maxspeed=*":29774.737438958527,"railway=rased":6.337178979706558,"railway=razed":3062.1085448271742,"railway=razed_subway":0.2537449044471845,"railway=roundhouse":38.99315240381677,"railway=service_station":38.953472652521114,"railway=signal":0.49785027438522894,"railway=signal_box":58.08663271533086,"railway=signal_bridge":0.11034706278423455,"railway=site":0.039661088442050976,"railway=spur":0.17300616566805976,"railway=spur_junction":4.024697788165478,"railway=station":38.458218705101494,"railway=station_area":154.37661831342885,"railway=station_building":0.5006519257136915,"railway=stop":0.9037916919133671,"railway=subway":1169.1644193018974,"railway=subway_entrance":1.6025155208165345,"railway=subway_entry":0.03788527616549973,"railway=switch":0.05229809948841664,"railway=switch_box":0.19373869556374934,"railway=terminal":0.13424679159705905,"railway=tourism":0.05671844111617573,"railway=track_diagram":0.08804233258862403,"railway=track_scale":0.05028620313476029,"railway=train_depot":0.46500074004706315,"railway=train_repair":1.682824339451313,"railway=train_station":0.2455405116851105,"railway=tram":4930.562442857449,"railway=tram_station":0.11219077107452521,"railway=tram_stop":7.021182528959858,"railway=transfer table":0.1502914914843715,"railway=traverser":8.222155998580668,"railway=trolley_rails":1.0511627480132835,"railway=turntable":20.7520394001205,"railway=uncompleted":7.307879316218013,"railway=unknown":0.4447148383178748,"railway=wash":5.806605768380952,"railway=waste_disposal":0.008336071275185396,"railway=water_tower":0.3805869626203265,"railway=workshop":14.597587850091426,"railway=yard":30.45631187217043,"railway=yes":13.210048112998631},"Counts":{"railway:signal:combined":3920,"railway:signal:distant":9994,"railway:signal:main":12146,"railway:signal:speed_limit":10915,"railway:signal:speed_limit_distant":4854,"railway=halt":4024,"railway=milestone":26743,"railway=signal":47146,"railway=station":4661}}
