{"FileName":"2016-05-railway.pbf","Lengths":{"railway=2":0.10325365607124982,"railway=Hilshandlungstafel":0.012484740307788325,"railway=Lastenaufzug":0.08928243379717733,"railway=Ortsstellbereich":17.754634903129606,"railway=RAZED":0.05668927801712865,"railway=Wendeanlage":0.3899394725835965,"railway=abandoned":14592.132417990726,"railway=abandoned; historic":0.7506494481810401,"railway=abandoned_tram":1.1543577191914887,"railway=blockpost":0.37148132573886283,"railway=branch":0.024547494858106818,"railway=buffer_stop":0.0936260548626266,"railway=coaling_facility":0.21109614242117655,"railway=construction":714.8015957921764,"railway=container_terminal":26.13766820447556,"railway=crane_rail":0.07314924700398953,"railway=crossing":0.06775446370210356,"railway=crossing_box":0.2788893469595553,"railway=crossover":5.4071341423572195,"railway=depot":1.2746669278236964,"railway=dismantled":243.23414732545464,"railway=disused":5292.8133947066,"railway=disused;rail":0.11403262035986815,"railway=disused_station":0.11649120436704591,"railway=e":0.14705424823844457,"railway=emergency_access_point":0.08306241737325577,"railway=engine_house":2.4179458417573043,"railway=engine_shed":15.793672912927816,"railway=erazed":0.0897616256741223,"railway=ferry":18.903747036117934,"railway=freight_yard":4.1993877183653145,"railway=fuel":2.475670876471713,"railway=funicular":13.693874797233136,"railway=goods":0.006951573339902644,"railway=grade3":0.4371165027290289,"railway=halt":18.00147118043456,"railway=historic":49.26492496186251,"railway=hump_yard":0.4294398987895717,"railway=interlocking_tower":0.26636603146633187,"railway=junction":30.049027791147136,"railway=level_crossing":0.4201790307240482,"railway=light_rail":2015.7831007307109,"railway=loading_ramp":15.467274522362857,"railway=miniature":45.80470403199004,"railway=miniature_facility":0.06859238965951749,"railway=monorail":58.66389458491426,"railway=museum":6.64777771741015,"railway=narrow_gauge":1040.1300780702568,"railway=no":1.5649781407259236,"railway=pedestrian":0.03979480879157538,"railway=phone":0.0068439689349936335,"railway=pit":0.0833728528396407,"railway=planned":0.8585736020684251,"railway=platform":3120.0853377474646,"railway=platform_area":0.01857609380036248,"railway=platform_edge":58.196385731150144,"railway=preserved":1162.7124216385957,"railway=preserved;narrow_gauge":0.001272524947867112,"railway=proposed":663.4290085669422,"railway=public_transport":0.09918722859000643,"railway=rail":81524.69443704217,"railway=rail and maxspeed=*":28856.36128390033,"railway=raized":0.02773340063372997,"railway=razed":2906.7544516876283,"railway=razed_subway":0.2537449044471845,"railway=roundhouse":38.70041723137509,"railway=service_station":36.086034495928,"railway=signal":0.49785027438522894,"railway=signal_box":55.78957561980531,"railway=signal_bridge":0.11034706278423455,"railway=site":0.039661088442050976,"railway=spur_junction":4.024697788165479,"railway=station":39.820837894233186,"railway=station_area":154.30485665101338,"railway=station_building":0.5914682111184674,"railway=stop":0.3774472999439367,"railway=subway":1127.9365820404698,"railway=subway_entrance":1.6780664538441477,"railway=subway_entry":0.03788527616549973,"railway=switch":0.05229809948841664,"railway=switch_box":0.20439475129858964,"railway=terminal":0.13424679159705905,"railway=tourism":0.05671844111617573,"railway=track_diagram":0.08804233258862403,"railway=train_depot":0.46500074004706315,"railway=train_repair":1.682824339451313,"railway=train_station":0.2455405116851105,"railway=tram":4877.593093386378,"railway=tram_station":0.11219077107452521,"railway=tram_stop":7.2635277744286,"railway=transfer table":0.1502914914843715,"railway=traverser":7.787820646149193,"railway=trolley_rails":1.0511627480132835,"railway=turntable":20.23730191503286,"railway=uncompleted":7.307879316218013,"railway=unknown":0.4447148383178748,"railway=wash":4.754957346945884,"railway=waste_disposal":0.008336071275185396,"railway=water_tower":0.3307602154838967,"railway=workshop":13.341842870908978,"railway=yard":30.4563138685735,"railway=yes":11.41339752695452},"Counts":{"railway:signal:combined":3524,"railway:signal:distant":9214,"railway:signal:main":11193,"railway:signal:speed_limit":10037,"railway:signal:speed_limit_distant":4376,"railway=halt":4047,"railway=milestone":24291,"railway=signal":42682,"railway=station":4740}}
