{"FileName":"2016-06-railway.pbf","Lengths":{"railway=2":0.10325365607124982,"railway=Hilshandlungstafel":0.012484740307788325,"railway=Lastenaufzug":0.08928243379717733,"railway=Ortsstellbereich":17.754634903129595,"railway=RAZED":0.05668927801712865,"railway=Wendeanlage":0.3899394725835965,"railway=abandoned":14670.873936414053,"railway=abandoned; historic":0.7506494481810401,"railway=abandoned_tram":1.1543577191914887,"railway=blockpost":0.36739951479749894,"railway=branch":0.024547494858106818,"railway=buffer_stop":0.0936260548626266,"railway=coaling_facility":0.21109614242117655,"railway=construction":613.2121790407193,"railway=container_terminal":26.13766820447556,"railway=crane_rail":0.07314924700398953,"railway=crossing":0.06775446370210356,"railway=crossing_box":0.2788893469595553,"railway=crossover":5.407134211277655,"railway=depot":1.2746669278236964,"railway=dismantled":243.23419624022372,"railway=disused":5305.334168421749,"railway=disused:signal_box":0.04763924766974464,"railway=disused;rail":0.11403262035986815,"railway=disused_station":0.11649120436704591,"railway=e":0.14705424823844457,"railway=emergency_access_point":0.08306241737325577,"railway=engine_house":2.417945841757304,"railway=engine_shed":15.693294638972398,"railway=erazed":0.0897616256741223,"railway=ferry":18.903747036117934,"railway=freight_yard":4.1993877183653145,"railway=fuel":2.4756708764717126,"railway=funicular":13.693874797233136,"railway=goods":0.006951573339902644,"railway=grade3":0.4371165027290289,"railway=halt":18.0014714902916,"railway=historic":45.06376476908563,"railway=hump_yard":0.4294398987895717,"railway=interlocking_tower":0.26636603146633187,"railway=junction":30.049027791147147,"railway=level_crossing":0.4201790307240483,"railway=light_rail":2019.8144685724483,"railway=loading_ramp":16.252011169506073,"railway=miniature":46.58137836137336,"railway=miniature_facility":0.06859238965951749,"railway=monorail":58.66387377500219,"railway=museum":6.648180837235287,"railway=narrow_gauge":1060.2229632363922,"railway=no":1.5649781407259231,"railway=pedestrian":0.03979480879157538,"railway=phone":0.0068439689349936335,"railway=pit":0.0833728528396407,"railway=planned":0.8585736020684251,"railway=platform":3129.1525380446,"railway=platform_area":0.01857609380036248,"railway=platform_edge":58.347139899891864,"railway=preserved":1123.9934471405975,"railway=preserved;narrow_gauge":0.001272524947867112,"railway=proposed":731.0070870463921,"railway=public_transport":0.09918722859000643,"railway=rail":81644.8574957245,"railway=rail and maxspeed=*":29184.281410007265,"railway=rased":1.3614906096954582,"railway=razed":2863.2649436023407,"railway=razed_subway":0.2537449044471845,"railway=roundhouse":38.53016110712103,"railway=service_station":36.086034495928004,"railway=signal":0.49785027438522894,"railway=signal_box":56.754235740515725,"railway=signal_bridge":0.11034706278423455,"railway=site":0.039661088442050976,"railway=spur_junction":4.024697788165479,"railway=station":39.46540785028462,"railway=station_area":154.30485290367892,"railway=station_building":0.5006519257136915,"railway=stop":0.9037916919133671,"railway=subway":1126.012213576679,"railway=subway_entrance":1.5775414793691926,"railway=subway_entry":0.03788527616549973,"railway=switch":0.05229809948841664,"railway=switch_box":0.20439475129858964,"railway=terminal":0.13424679159705905,"railway=tourism":0.05671844111617573,"railway=track_diagram":0.08804233258862403,"railway=train_depot":0.46500074004706315,"railway=train_repair":1.682824339451313,"railway=train_station":0.2455405116851105,"railway=tram":4897.8479480234855,"railway=tram_station":0.11219077107452521,"railway=tram_stop":7.0802471726468035,"railway=transfer table":0.1502914914843715,"railway=traverser":7.5842552833444,"railway=trolley_rails":1.0511627480132835,"railway=turntable":20.57577653743559,"railway=uncompleted":7.307879316218013,"railway=unknown":0.4447148383178748,"railway=wash":5.085300350875362,"railway=waste_disposal":0.008336071275185396,"railway=water_tower":0.3613928908934146,"railway=workshop":14.330967816937928,"railway=yard":30.4563046012228,"railway=yes":11.271615633456499},"Counts":{"railway:signal:combined":3620,"railway:signal:distant":9421,"railway:signal:main":11469,"railway:signal:speed_limit":10241,"railway:signal:speed_limit_distant":4447,"railway=halt":4024,"railway=milestone":25116,"railway=signal":43776,"railway=station":4732}}
