{"FileName":"2016-11-railway.pbf","Lengths":{"railway=Hilshandlungstafel":0.012484740307788325,"railway=Lastenaufzug":0.08928243379717733,"railway=Ortsstellbereich":29.824080044145788,"railway=Rangierbezirk":22.291216842546348,"railway=Wendeanlage":0.3899394725835965,"railway=abandoned":15101.314234724463,"railway=abandoned; historic":0.7506494481810401,"railway=abandoned_tram":1.1543508217842344,"railway=blockpost":0.38800563988980397,"railway=branch":0.024547494858106818,"railway=buffer_stop":0.0936260548626266,"railway=coaling_facility":0.21109614242117655,"railway=construction":706.8616869001186,"railway=container_terminal":36.78036823830331,"railway=crane":0.2466200495182492,"railway=crane_rail":0.07314924700398953,"railway=crossing":0.09328224159981323,"railway=crossing_box":0.2788893469595553,"railway=crossover":5.407134211277655,"railway=depot":1.2746669278236964,"railway=dismantled":212.89705249605706,"railway=disused":5451.472747004284,"railway=disused_station":0.11649120436704591,"railway=emergency_access_point":0.08306241737325577,"railway=engine_house":1.5071460011772007,"railway=engine_shed":16.751811389426766,"railway=ferry":18.903747036117934,"railway=freight_yard":4.202497126821626,"railway=fuel":2.730999011101642,"railway=funicular":13.780468980102215,"railway=goods":0.006951573339902644,"railway=halt":17.055393712757013,"railway=historic":36.116368100822356,"railway=hump_yard":0.4294398987895717,"railway=interlocking_tower":0.2663660314663319,"railway=junction":27.450872476390597,"railway=level_crossing":0.39944785699257357,"railway=light_rail":2038.6808544113412,"railway=loading_gauge":0.4051403368273439,"railway=loading_ramp":18.047566813473683,"railway=miniature":49.37869383427045,"railway=miniature_facility":0.06859238965951749,"railway=monorail":61.79013778057108,"railway=museum":6.785135600406445,"railway=narrow gauge":0.26872695957383785,"railway=narrow_gauge":1082.9400652895224,"railway=no":0.810690241155323,"railway=pedestrian":0.037248626410346534,"railway=phone":0.0068439689349936335,"railway=pit":0.0833728528396407,"railway=planned":0.8585736020684251,"railway=platform":3228.9707655063094,"railway=platform_area":0.01857609380036248,"railway=platform_edge":69.90630698799106,"railway=preserved":1042.9021179271851,"railway=preserved;narrow_gauge":0.001272524947867112,"railway=proposed":748.468078524182,"railway=rail":81591.446542143,"railway=rail and maxspeed=*":29979.348695147488,"railway=razed":3167.810572566482,"railway=razed_subway":0.2537449044471845,"railway=roundhouse":38.92012456574164,"railway=service_station":38.95348805624382,"railway=signal":0.5250246441069575,"railway=signal_box":59.59068364129528,"railway=signal_bridge":0.13629384309295497,"railway=site":0.039661088442050976,"railway=spur":0.17300616566805976,"railway=spur_junction":4.024697788165479,"railway=station":38.87975827462135,"railway=station_area":154.37662851127624,"railway=station_building":0.5006519257136915,"railway=stop":0.9037916919133671,"railway=subway":1267.318704405988,"railway=subway_entrance":1.602515520816534,"railway=subway_entry":0.03788527616549973,"railway=switch":0.05229809948841664,"railway=switch_box":0.19373869556374934,"railway=terminal":0.13424679159705905,"railway=tourism":0.05671844111617573,"railway=track_diagram":0.08804233258862403,"railway=track_scale":0.05028620313476029,"railway=train_depot":0.46500074004706315,"railway=train_repair":1.682824339451313,"railway=tram":4861.385908359104,"railway=tram_station":0.11219077107452521,"railway=tram_stop":7.47062599279717,"railway=traverser":8.37553227150358,"railway=trolley_rails":1.0511627480132835,"railway=turntable":20.991160747737663,"railway=uncompleted":7.307879316218013,"railway=unknown":0.4447148383178748,"railway=wash":6.519258835015976,"railway=waste_disposal":0.008336071275185396,"railway=water_tower":0.4432391357807085,"railway=workshop":15.712124453287206,"railway=yard":30.45631187217043,"railway=yes":11.276927431527088},"Counts":{"railway:signal:combined":4196,"railway:signal:distant":10485,"railway:signal:main":12732,"railway:signal:speed_limit":11486,"railway:signal:speed_limit_distant":5114,"railway=halt":4037,"railway=milestone":27997,"railway=signal":49611,"railway=station":4664}}
