{"FileName":"2016-01-railway.pbf","Lengths":{"railway=2":0.10325365607124982,"railway=Hilshandlungstafel":0.012484740307788325,"railway=Lastenaufzug":0.08928243379717733,"railway=Ortsstellbereich":17.759528942019273,"railway=RAZED":0.05668927801712865,"railway=Wendeanlage":0.3899394725835965,"railway=abandoned":13553.147735405231,"railway=abandoned; historic":0.7506494481810401,"railway=abandoned_tram":1.1544567459797468,"railway=blockpost":0.30616072182378484,"railway=branch":0.024547494858106818,"railway=buffer_stop":0.0019400517270842389,"railway=coaling_facility":0.21109614242117655,"railway=coaster":0.31776425342154446,"railway=construction":700.7699320033405,"railway=container_terminal":26.139209938252712,"railway=crane_rail":0.07314924700398953,"railway=crossing":0.06344456048151752,"railway=crossing_box":0.20684014080184968,"railway=crossover":5.413726100492261,"railway=depot":1.2746669278236964,"railway=dismantled":244.0318039194755,"railway=disused":5129.732321454574,"railway=disused;rail":0.11403262035986815,"railway=disused_station":0.11649120436704591,"railway=e":0.14705424823844457,"railway=emergency_access_point":0.08306241737325577,"railway=engine_house":2.417945841757304,"railway=engine_shed":15.022284231886978,"railway=erazed":0.0897616256741223,"railway=ferry":18.903747036117934,"railway=freight_yard":4.08614229260668,"railway=fuel":2.1892571663366684,"railway=funicular":13.725711759627439,"railway=goods":0.006951573339902644,"railway=grade3":0.4371165027290289,"railway=halt":20.55831789443663,"railway=historic":72.29476133207463,"railway=hump_yard":0.4294398987895717,"railway=interlocking_tower":0.26636603146633187,"railway=junction":32.43738809885224,"railway=level_crossing":0.7624580711290545,"railway=light_rail":1697.8925053605708,"railway=loading_ramp":14.702143553152403,"railway=miniature":42.47771656213966,"railway=miniature_facility":0.06859238965951749,"railway=monorail":122.4266746246626,"railway=museum":6.077460723391757,"railway=narrow_gauge":1010.422294146661,"railway=no":2.7310268816495493,"railway=pedestrian":0.03979480879157538,"railway=phone":0.0068439689349936335,"railway=pit":0.0833728528396407,"railway=planned":2.1866531014565447,"railway=platform":3051.2782838962776,"railway=platform_area":0.01857609380036248,"railway=platform_edge":52.02779822232964,"railway=preserved":1275.9822974151198,"railway=preserved;narrow_gauge":0.001272524947867112,"railway=proposed":637.836628784306,"railway=public_transport":0.09918722859000643,"railway=rail":81350.61085863311,"railway=rail and maxspeed=*":26705.680558057073,"railway=raized":0.02773340063372997,"railway=razed":2277.6053621516376,"railway=razed_subway":0.2537449044471845,"railway=razzed":0.06618620160510336,"railway=rezed":0.18539560543078062,"railway=roundhouse":39.20125300881263,"railway=service_station":37.31349361546973,"railway=signa_box":0.04645313331163121,"railway=signal":0.024091686612076054,"railway=signal_box":50.24441564968805,"railway=signal_bridge":0.11034706278423455,"railway=spur":0.0678387375214759,"railway=spur_junction":3.9126497268969853,"railway=station":47.52168559584407,"railway=station_area":78.85696394646173,"railway=station_building":0.5920419913119394,"railway=stop":0.6478496307554105,"railway=subway":1126.284034035062,"railway=subway_entrance":2.12404100770587,"railway=subway_entry":0.03788527616549973,"railway=switch_box":0.1658768153145238,"railway=terminal":0.13424679159705905,"railway=tourism":0.05671844111617573,"railway=track_diagram":0.08804233258862403,"railway=train_depot":0.46500074004706315,"railway=train_repair":1.682824339451313,"railway=train_station":0.2455405116851105,"railway=tram":5134.783818098099,"railway=tram_station":0.11219077107452521,"railway=tram_stop":6.845956984429189,"railway=transfer table":0.1502914914843715,"railway=traverser":7.190410059016964,"railway=trolley_rails":1.0511627480132835,"railway=turntable":20.184723612244532,"railway=uncompleted":7.307879316218013,"railway=unknown":0.4447148383178748,"railway=wash":4.297780333834416,"railway=water_tower":0.29433439421587615,"railway=workshop":10.854455337399706,"railway=yard":45.65966205866344,"railway=yes":17.146201290070444},"Counts":{"railway:signal:combined":2989,"railway:signal:distant":7782,"railway:signal:main":9638,"railway:signal:speed_limit":8747,"railway:signal:speed_limit_distant":3694,"railway=halt":4103,"railway=milestone":21283,"railway=signal":36599,"railway=station":4789}}
