{"FileName":"2016-12-railway.pbf","Lengths":{"railway=Hilshandlungstafel":0.012484740307788325,"railway=Lastenaufzug":0.08928243379717733,"railway=Ortsstellbereich":29.824080044145774,"railway=Rangierbezirk":22.291216842546348,"railway=Wendeanlage":0.3899394725835965,"railway=abandoned":15187.228729426477,"railway=abandoned_tram":1.1543508217842346,"railway=blockpost":0.388005639889804,"railway=buffer_stop":0.09368509192150365,"railway=coaling_facility":0.21109614242117655,"railway=construction":704.5833217521858,"railway=container_terminal":36.780368238303325,"railway=crane":0.2466200495182492,"railway=crane_rail":0.07314924700398953,"railway=crossing":0.09977714706696561,"railway=crossing_box":0.3089668892602976,"railway=crossover":5.407134211277655,"railway=depot":1.2746669278236964,"railway=dismantled":198.07376088374187,"railway=disused":5430.082321994013,"railway=disused_station":0.14355469588980654,"railway=emergency_access_point":0.08306241737325577,"railway=engine_house":1.5071460011772007,"railway=engine_shed":16.751827915918668,"railway=ferry":18.903747036117934,"railway=freight_yard":4.202497126821626,"railway=fuel":2.73099901110164,"railway=funicular":13.79038081647737,"railway=goods":0.006951573339902644,"railway=halt":16.50633526815694,"railway=historic":36.11636810082237,"railway=hump_yard":0.4294398987895717,"railway=interlocking_tower":0.26636603146633187,"railway=junction":27.4508724763906,"railway=level_crossing":0.39944785699257346,"railway=light_rail":2038.8295806383471,"railway=loading_gauge":0.4051403368273439,"railway=loading_ramp":18.243756502240778,"railway=miniature":55.08177245430409,"railway=miniature_facility":0.06859238965951749,"railway=monorail":57.79900021974557,"railway=museum":6.785135600406447,"railway=narrow_gauge":1083.9934145121638,"railway=no":0.810690241155323,"railway=pedestrian":0.037248626410346534,"railway=phone":0.0068439689349936335,"railway=pit":0.0833728528396407,"railway=planned":0.8585736020684251,"railway=platform":3279.631616701828,"railway=platform_area":0.01857609380036248,"railway=platform_edge":70.00821570732171,"railway=preserved":1037.5456774572483,"railway=preserved;narrow_gauge":0.001272524947867112,"railway=proposed":774.854312269116,"railway=rail":81591.54233246743,"railway=rail and maxspeed=*":30209.40779929201,"railway=razed":3218.7406294138814,"railway=roundhouse":38.92046140381948,"railway=service_station":38.95348805624381,"railway=signal":0.5250246441069575,"railway=signal_box":60.46698819701769,"railway=signal_bridge":0.13629384309295497,"railway=site":0.039661088442050976,"railway=spur":0.17300616566805976,"railway=spur_junction":4.024697788165478,"railway=station":36.43057859788602,"railway=station_area":154.37662983893847,"railway=station_building":0.5006519257136915,"railway=stop":0.52634439196943,"railway=subway":1267.2990131713777,"railway=subway_entrance":1.6682192889750282,"railway=switch":1.2672561037402013,"railway=switch_box":0.19373869556374934,"railway=terminal":0.13424679159705905,"railway=track_diagram":0.08804233258862403,"railway=track_scale":0.05028620313476029,"railway=train_depot":0.46500074004706315,"railway=train_repair":1.682824339451313,"railway=tram":4863.042173894046,"railway=tram_station":0.11219077107452521,"railway=tram_stop":7.470625992797171,"railway=traverser":8.375532271503578,"railway=trolley_rails":1.0511627480132835,"railway=turntable":20.97960853208288,"railway=uncompleted":7.307879316218013,"railway=unknown":0.4447148383178748,"railway=wash":6.519258835015977,"railway=waste_disposal":0.008336071275185396,"railway=water_tower":0.44323913578070845,"railway=workshop":15.93654783873794,"railway=yard":30.456311872170446,"railway=yes":11.276913134685316},"Counts":{"railway:signal:combined":4292,"railway:signal:distant":10802,"railway:signal:main":13053,"railway:signal:speed_limit":11715,"railway:signal:speed_limit_distant":5251,"railway=halt":4065,"railway=milestone":28533,"railway=signal":50776,"railway=station":4654}}
