{"FileName":"2016-08-railway.pbf","Lengths":{"railway=2":0.10325365607124982,"railway=Hilshandlungstafel":0.012484740307788325,"railway=Lastenaufzug":0.08928243379717733,"railway=Ortsstellbereich":22.879447152699218,"railway=RAZED":0.05668927801712865,"railway=Rangierbezirk":22.291216842546348,"railway=Wendeanlage":0.3899394725835965,"railway=abandoned":14893.512589558923,"railway=abandoned; historic":0.7506494481810401,"railway=abandoned_tram":1.1543508217842344,"railway=blockpost":0.388005639889804,"railway=branch":0.024547494858106818,"railway=buffer_stop":0.0936260548626266,"railway=coaling_facility":0.21109614242117655,"railway=construction":595.7215470362695,"railway=constructionil":0.056022115461413155,"railway=container_terminal":26.735751162665412,"railway=crane":0.2466200495182492,"railway=crane_rail":0.07314924700398953,"railway=crossing":0.06775446370210356,"railway=crossing_box":0.2788893469595553,"railway=crossover":5.407134211277653,"railway=depot":1.2746669278236964,"railway=dismantled":231.56248461645728,"railway=disused":5293.7040172694215,"railway=disused:signal_box":0.04763924766974464,"railway=disused;rail":0.11403262035986815,"railway=disused_station":0.11649120436704591,"railway=e":0.14705424823844457,"railway=emergency_access_point":0.08306241737325577,"railway=engine_house":2.4179458417573043,"railway=engine_shed":16.177207887445107,"railway=erazed":0.0897616256741223,"railway=ferry":18.903747036117934,"railway=freight_yard":4.1993877183653145,"railway=fuel":2.599035454188799,"railway=funicular":13.768386856751361,"railway=goods":0.006951573339902644,"railway=grade3":0.4371165027290289,"railway=halt":18.016477077672423,"railway=historic":36.92108234525621,"railway=hump_yard":0.4294398987895717,"railway=interlocking_tower":0.26636603146633187,"railway=junction":30.049027791147136,"railway=level_crossing":0.42044058244732896,"railway=light_rail":2037.077352161907,"railway=loading_gauge":0.4051403368273439,"railway=loading_ramp":17.641250476615287,"railway=miniature":47.88897866470132,"railway=miniature_facility":0.06859238965951749,"railway=monorail":62.3198566182378,"railway=museum":6.648180837235287,"railway=narrow_gauge":1060.580602159198,"railway=no":1.1945665557750602,"railway=pedestrian":0.039794799019160464,"railway=phone":0.0068439689349936335,"railway=pit":0.0833728528396407,"railway=planned":0.8585736020684251,"railway=platform":3155.5161295663893,"railway=platform_area":0.01857609380036248,"railway=platform_edge":66.1552888593701,"railway=preserved":1041.4224283031415,"railway=preserved;narrow_gauge":0.001272524947867112,"railway=proposed":747.4900064795514,"railway=public_transport":0.09918722859000643,"railway=rail":81744.75708448967,"railway=rail and maxspeed=*":29639.519805628584,"railway=rased":1.3614906096954582,"railway=razed":3037.928797492123,"railway=razed_subway":0.2537449044471845,"railway=roundhouse":38.99314280752279,"railway=service_station":36.08603449592793,"railway=signal":0.49785027438522894,"railway=signal_box":57.86292752099566,"railway=signal_bridge":0.11034706278423455,"railway=site":0.039661088442050976,"railway=spur":0.17300616566805976,"railway=spur_junction":4.024697788165478,"railway=station":38.802665661710876,"railway=station_area":154.378771820276,"railway=station_building":0.5006519257136915,"railway=stop":0.9037916919133671,"railway=subway":1111.477474138845,"railway=subway_entrance":1.5775414793691926,"railway=subway_entry":0.03788527616549973,"railway=switch":0.05229809948841664,"railway=switch_box":0.19373869556374934,"railway=terminal":0.13424679159705905,"railway=tourism":0.05671844111617573,"railway=track_diagram":0.08804233258862403,"railway=track_scale":0.05028620313476029,"railway=train_depot":0.46500074004706315,"railway=train_repair":1.682824339451313,"railway=train_station":0.2455405116851105,"railway=tram":4898.753306004149,"railway=tram_station":0.11219077107452521,"railway=tram_stop":7.021182528959857,"railway=transfer table":0.1502914914843715,"railway=traverser":7.589196149849417,"railway=trolley_rails":1.0511627480132835,"railway=turntable":20.752196480401068,"railway=uncompleted":7.307879316218013,"railway=unknown":0.4447148383178748,"railway=wash":5.08530035087536,"railway=waste_disposal":0.008336071275185396,"railway=water_tower":0.3613928908934146,"railway=workshop":14.594357364281445,"railway=yard":30.456311872170446,"railway=yes":10.993965524533548},"Counts":{"railway:signal:combined":3892,"railway:signal:distant":9882,"railway:signal:main":11966,"railway:signal:speed_limit":10763,"railway:signal:speed_limit_distant":4746,"railway=halt":4024,"railway=milestone":26440,"railway=signal":46287,"railway=station":4654}}
