{"FileName":"2016-02-railway.pbf","Lengths":{"railway=2":0.10325365607124982,"railway=Hilshandlungstafel":0.012484740307788325,"railway=Lastenaufzug":0.08928243379717733,"railway=Ortsstellbereich":17.759528942019273,"railway=RAZED":0.05668927801712865,"railway=Wendeanlage":0.3899394725835965,"railway=abandoned":13872.719201770447,"railway=abandoned; historic":0.7506494481810401,"railway=abandoned_tram":1.1544567459797468,"railway=blockpost":0.30616072182378484,"railway=branch":0.024547494858106818,"railway=buffer_stop":0.0019400517270842389,"railway=coaling_facility":0.21109614242117655,"railway=coaster":0.31776425342154446,"railway=construction":710.2209476440919,"railway=container_terminal":26.13766820447556,"railway=crane_rail":0.07314924700398953,"railway=crossing":0.06344456048151752,"railway=crossing_box":0.20598296282575046,"railway=crossover":5.413726100492262,"railway=depot":1.2746669278236964,"railway=dismantled":243.46516011391427,"railway=disused":5215.782454856608,"railway=disused;rail":0.11403262035986815,"railway=disused_station":0.11649120436704591,"railway=e":0.14705424823844457,"railway=emergency_access_point":0.08306241737325577,"railway=engine_house":2.417945841757304,"railway=engine_shed":15.304733441404165,"railway=erazed":0.0897616256741223,"railway=ferry":18.903747036117934,"railway=freight_yard":4.1993877183653145,"railway=fuel":2.352147073821723,"railway=funicular":13.725711759627435,"railway=goods":0.006951573339902644,"railway=grade3":0.4371165027290289,"railway=halt":20.558323417582983,"railway=historic":72.29476133207464,"railway=hump_yard":0.4294398987895717,"railway=interlocking_tower":0.2663660314663319,"railway=junction":32.437380742012905,"railway=level_crossing":0.6316899167294007,"railway=light_rail":1700.2738683344946,"railway=loading_ramp":14.70151311423293,"railway=miniature":43.60380606349361,"railway=miniature_facility":0.06859238965951749,"railway=monorail":91.32058061282403,"railway=museum":6.077460723391757,"railway=narrow_gauge":1011.5779845583535,"railway=no":2.7310268816495493,"railway=pedestrian":0.03979480879157538,"railway=phone":0.0068439689349936335,"railway=pit":0.0833728528396407,"railway=planned":4.30514020702662,"railway=platform":3076.955536925607,"railway=platform_area":0.01857609380036248,"railway=platform_edge":52.10086915618764,"railway=preserved":1218.318309545149,"railway=preserved;narrow_gauge":0.001272524947867112,"railway=proposed":637.4724970436832,"railway=public_transport":0.09918722859000643,"railway=rail":81375.46102267086,"railway=rail and maxspeed=*":27381.38023921465,"railway=railway":0.04034588787621038,"railway=raized":0.02773340063372997,"railway=razed":2313.2264644780826,"railway=razed_subway":0.2537449044471845,"railway=razzed":0.06618620160510336,"railway=rezed":0.18539560543078062,"railway=roundhouse":39.199227245014555,"railway=service_station":37.313493615469696,"railway=signa_box":0.04645313331163121,"railway=signal":0.49785027438522894,"railway=signal_box":51.988636137122676,"railway=signal_bridge":0.11034706278423455,"railway=site":0.039661088442050976,"railway=spur":0.0678387375214759,"railway=spur_junction":3.9126497268969853,"railway=station":46.00825432567772,"railway=station_area":157.38754534928964,"railway=station_building":0.5920419913119394,"railway=stop":0.3774472999439367,"railway=subway":1146.7996046727244,"railway=subway_entrance":2.12404100770587,"railway=subway_entry":0.03788527616549973,"railway=switch":0.05229809948841664,"railway=switch_box":0.20439475129858964,"railway=terminal":0.13424679159705905,"railway=tourism":0.05671844111617573,"railway=track_diagram":0.08804233258862403,"railway=train_depot":0.46500074004706315,"railway=train_repair":1.682824339451313,"railway=train_station":0.2455405116851105,"railway=tram":5143.26565153745,"railway=tram_station":0.11219077107452521,"railway=tram_stop":6.876382744313342,"railway=transfer table":0.1502914914843715,"railway=traverser":7.673069011325481,"railway=trolley_rails":1.0511627480132835,"railway=turntable":20.409646952984275,"railway=uncompleted":7.307879316218013,"railway=unknown":0.4447148383178748,"railway=wash":4.297780333834416,"railway=water_tower":0.2943343942158762,"railway=workshop":11.38664754360243,"railway=yard":45.6937519196521,"railway=yes":13.050285329890915},"Counts":{"railway:signal:combined":3115,"railway:signal:distant":8094,"railway:signal:main":9930,"railway:signal:speed_limit":9081,"railway:signal:speed_limit_distant":3895,"railway=halt":4091,"railway=milestone":21940,"railway=signal":37881,"railway=station":4791}}
