{"FileName":"2017-01-railway.pbf","Lengths":{"railway=Hilshandlungstafel":0.012484740307788325,"railway=Ortsstellbereich":29.824080044145774,"railway=Rangierbezirk":22.291216842546348,"railway=Wendeanlage":0.3899394725835965,"railway=abandoned":15399.084471835702,"railway=abandoned_tram":1.1543508217842344,"railway=blockpost":0.388005639889804,"railway=buffer_stop":0.09368509192150365,"railway=coaling_facility":0.21109614242117655,"railway=construction":593.2355342105573,"railway=container_terminal":36.78036823830331,"railway=crossing":0.11829807533515757,"railway=crossing_box":0.3089668892602976,"railway=crossover":5.407134211277655,"railway=depot":1.2746669278236964,"railway=dismantled":197.0707708056441,"railway=disused":5457.676349241881,"railway=disused_station":0.14355469588980654,"railway=emergency_access_point":0.08306241737325577,"railway=engine_house":1.5071460011772007,"railway=engine_shed":17.459030349235473,"railway=ferry":18.903747036117934,"railway=freight_yard":4.202518479299692,"railway=fuel":2.7309990111016393,"railway=funicular":13.790380816477372,"railway=goods":0.006951573339902644,"railway=halt":16.247743013527877,"railway=historic":36.11636810082237,"railway=hump_yard":0.4294398987895717,"railway=interlocking_tower":0.2663660314663319,"railway=junction":27.450872476390607,"railway=level_crossing":0.4444133225698882,"railway=light_rail":2051.4672206275222,"railway=loading_gauge":0.4051403368273439,"railway=loading_ramp":18.369261202211714,"railway=miniature":57.748697871912995,"railway=miniature_facility":0.06859238965951749,"railway=monorail":57.999613394767906,"railway=museum":6.785135600406445,"railway=narrow_gauge":1082.5259569107527,"railway=no":0.810690241155323,"railway=phone":0.0068439689349936335,"railway=pit":0.0833728528396407,"railway=planned":0.8585736020684251,"railway=platform":3306.174827922821,"railway=platform_area":0.01857609380036248,"railway=platform_edge":86.6660852092384,"railway=preserved":1036.986804595081,"railway=proposed":799.3204595779061,"railway=rail":81709.77520591403,"railway=rail and maxspeed=*":30511.09666647511,"railway=razed":3227.2995329748383,"railway=roundhouse":38.92046140381946,"railway=service_station":38.95482550674399,"railway=signal":0.5250246441069575,"railway=signal_box":61.83918792438093,"railway=signal_bridge":0.13629384309295497,"railway=site":0.039661088442050976,"railway=spur_junction":4.024697788165478,"railway=station":35.78418101937916,"railway=station_area":154.37606755134865,"railway=station_building":0.5006759023752052,"railway=stop":0.52634439196943,"railway=subway":1305.553276258445,"railway=subway_entrance":1.6684748200435549,"railway=switch":1.268861691155788,"railway=terminal":0.13424679159705905,"railway=track_diagram":0.08804233258862403,"railway=track_scale":0.05028620313476029,"railway=train_depot":0.46500074004706315,"railway=train_repair":1.682824339451313,"railway=tram":4823.653909489626,"railway=tram_station":0.11219077107452521,"railway=tram_stop":7.47062599279717,"railway=traverser":9.124387674634077,"railway=trolley_rails":1.0511627480132835,"railway=turntable":20.22446091015137,"railway=uncompleted":7.628861994176281,"railway=unknown":0.4447148383178748,"railway=wash":6.519258835015977,"railway=waste_disposal":0.008336071275185396,"railway=water_tower":0.44323913578070856,"railway=workshop":16.369988138648853,"railway=yard":30.456311872170446,"railway=yes":11.276913134685312},"Counts":{"railway:signal:combined":4373,"railway:signal:distant":11030,"railway:signal:main":13278,"railway:signal:speed_limit":11947,"railway:signal:speed_limit_distant":5369,"railway=halt":4070,"railway=milestone":29059,"railway=signal":51815,"railway=station":4656}}
