{"FileName":"2017-02-railway.pbf","Lengths":{"railway=Hilshandlungstafel":0.012484740307788325,"railway=Ortsstellbereich":29.824080044145774,"railway=Rangierbezirk":22.291216842546348,"railway=Wendeanlage":0.3899394725835965,"railway=abandoned":15490.622597800393,"railway=abandoned_tram":1.1543602221924165,"railway=blockpost":0.4063529813636634,"railway=buffer_stop":0.09368509192150365,"railway=coaling_facility":0.21109614242117655,"railway=construction":588.8251789597251,"railway=container_terminal":36.780368238303325,"railway=crossing":0.11829807533515757,"railway=crossing_box":0.3744374929441715,"railway=crossover":5.407134211277655,"railway=depot":1.2746669278236964,"railway=dismantled":195.79329306500642,"railway=disused":5523.237798379018,"railway=disused_station":0.14355469588980654,"railway=emergency_access_point":0.08306241737325577,"railway=engine_house":1.5071460011772007,"railway=engine_shed":17.577418040338845,"railway=ferry":18.903747036117934,"railway=freight_yard":4.202519403384802,"railway=fuel":2.7695262666162708,"railway=funicular":13.79038081647737,"railway=goods":0.006951573339902644,"railway=halt":15.951470430402104,"railway=historic":35.935176404677335,"railway=interlocking_tower":0.2663660314663319,"railway=junction":27.450872476390597,"railway=level_crossing":0.5767039795239202,"railway=light_rail":2054.0971711411594,"railway=loading_gauge":0.4051403368273439,"railway=loading_ramp":18.608223369502397,"railway=miniature":59.814102821020924,"railway=miniature_facility":0.06859238965951749,"railway=monorail":58.37890374109136,"railway=museum":6.785135600406443,"railway=narrow_gauge":1083.329584502376,"railway=no":0.7920135047706515,"railway=phone":0.0068439689349936335,"railway=pit":0.0833728528396407,"railway=planned":3.569009030617673,"railway=platform":3289.1634984266657,"railway=platform_area":0.01857609380036248,"railway=platform_edge":86.66582628119112,"railway=preserved":1033.6682663783517,"railway=proposed":839.5967108439454,"railway=rail":81726.26414796888,"railway=rail and maxspeed=*":31115.057844767292,"railway=rased":6.652770718863518,"railway=razed":3273.8094825812045,"railway=roundhouse":38.60507748199756,"railway=service_station":38.954829634494956,"railway=signal":0.5250246441069574,"railway=signal_box":62.54011279759842,"railway=signal_bridge":0.13629384309295497,"railway=site":0.039661088442050976,"railway=spur_junction":4.024697788165478,"railway=station":31.878245653938514,"railway=station_area":154.36611757168575,"railway=station_building":0.5005854734316351,"railway=stop":0.52634439196943,"railway=subway":1305.839698313258,"railway=subway_entrance":1.6086015320770475,"railway=switch":1.268861691155788,"railway=terminal":0.13424679159705905,"railway=track_diagram":0.08804233258862403,"railway=track_scale":0.05028620313476029,"railway=train_depot":0.46500074004706315,"railway=train_repair":1.682824339451313,"railway=tram":4826.4085728881155,"railway=tram_station":0.11219077107452521,"railway=tram_stop":7.470614833983419,"railway=traverser":9.124387674634077,"railway=trolley_rails":1.0511627480132835,"railway=turntable":20.294152162679552,"railway=uncompleted":7.628861994176281,"railway=unknown":0.4447148383178748,"railway=wash":6.519258835015977,"railway=waste_disposal":0.008336071275185396,"railway=water_tower":0.4432391357807085,"railway=workshop":16.41534022804452,"railway=yard":29.79301798007056,"railway=yes":11.276913134685316},"Counts":{"railway:signal:combined":4518,"railway:signal:distant":11460,"railway:signal:main":13720,"railway:signal:speed_limit":12285,"railway:signal:speed_limit_distant":5510,"railway=halt":4080,"railway=milestone":29602,"railway=signal":53537,"railway=station":4639}}
